b20151205csv_oid,dist,solution_id,designation,source_id,random_index,ref_epoch,ra,ra_error,dec,dec_error,parallax,parallax_error,parallax_over_error,pmra,pmra_error,pmdec,pmdec_error,ra_dec_corr,ra_parallax_corr,ra_pmra_corr,ra_pmdec_corr,dec_parallax_corr,dec_pmra_corr,dec_pmdec_corr,parallax_pmra_corr,parallax_pmdec_corr,pmra_pmdec_corr,astrometric_n_obs_al,astrometric_n_obs_ac,astrometric_n_good_obs_al,astrometric_n_bad_obs_al,astrometric_gof_al,astrometric_chi2_al,astrometric_excess_noise,astrometric_excess_noise_sig,astrometric_params_solved,astrometric_primary_flag,astrometric_weight_al,astrometric_pseudo_colour,astrometric_pseudo_colour_error,mean_varpi_factor_al,astrometric_matched_observations,visibility_periods_used,astrometric_sigma5d_max,frame_rotator_object_type,matched_observations,duplicated_source,phot_g_n_obs,phot_g_mean_flux,phot_g_mean_flux_error,phot_g_mean_flux_over_error,phot_g_mean_mag,phot_bp_n_obs,phot_bp_mean_flux,phot_bp_mean_flux_error,phot_bp_mean_flux_over_error,phot_bp_mean_mag,phot_rp_n_obs,phot_rp_mean_flux,phot_rp_mean_flux_error,phot_rp_mean_flux_over_error,phot_rp_mean_mag,phot_bp_rp_excess_factor,phot_proc_mode,bp_rp,bp_g,g_rp,radial_velocity,radial_velocity_error,rv_nb_transits,rv_template_teff,rv_template_logg,rv_template_fe_h,phot_variable_flag,l,b,ecl_lon,ecl_lat,priam_flags,teff_val,teff_percentile_lower,teff_percentile_upper,a_g_val,a_g_percentile_lower,a_g_percentile_upper,e_bp_min_rp_val,e_bp_min_rp_percentile_lower,e_bp_min_rp_percentile_upper,flame_flags,radius_val,radius_percentile_lower,radius_percentile_upper,lum_val,lum_percentile_lower,lum_percentile_upper,datalink_url,epoch_photometry_url,b20151205_oid,col1,col2
2,1.9049597293291064E-4,1635721458409799680,Gaia DR2 511193471505349504,511193471505349504,1507971102,2015.5,26.55304602369903,0.019918556236437186,61.13011406063104,0.022908143788448188,0.2840852783338407,0.032207446746627816,8.820484,-1.240552662251147,0.03389997574488963,-0.23276941043363839,0.048198681529369444,-0.54832464,-0.093406424,-0.65061325,0.43348965,0.056919664,0.41583195,-0.4801451,0.106052324,-0.048681945,-0.6675075,536,536,522,14,13.047032,1059.1786,0.0,0.0,31,true,324.88342,1.6484475222144448,0.004638501021025275,-0.03893829,61,17,0.03977263,0,66,false,529,888237.7728268884,246.88596184377,3597.7654,10.817042,62,514004.3871287723,556.8402155064146,923.07336,11.073971,62,552317.4179960772,345.52974582353175,1598.4656,10.406448,1.2004914,0,0.66752243,0.25692844,0.410594,,,0,,,,NOT_AVAILABLE,129.49614786027846,-1.0416094255508692,51.67407160105321,45.856857967369436,100001,6378.0,6316.5,6685.0,,,,,,,200111,16.907154,15.389933,17.237986,426.16107,350.5464,501.77576,http://geadata.esac.esa.int/data-server/datalink/links?ID=511193471505349504,,2,26.55275,61.13024
3,1.6869952951022694E-4,1635721458409799680,Gaia DR2 511193570280071040,511193570280071040,390305944,2015.5,26.532856989852032,0.020276562394870266,61.15532910572476,0.023120358265112998,0.3383027135053583,0.031674931086005796,10.680456,-1.0894156687349477,0.03369081084837799,-0.44861732031286117,0.04827900159585,-0.5232329,-0.04802466,-0.6563789,0.41063032,0.046224184,0.3866874,-0.41846713,0.052003406,0.005800004,-0.6230043,504,504,482,22,10.592618,883.67017,0.0,2.5666147450109E-15,31,false,370.11588,1.6306814774138676,0.00474884793071905,-0.041349344,57,18,0.03937951,0,60,false,496,370361.0633811285,126.38291681187665,2930.4678,11.766803,56,207787.89023420733,251.64723129794956,825.711,12.057338,55,242736.84276612787,159.79422027465841,1519.059,11.299081,1.2164474,0,0.7582569,0.29053497,0.46772194,,,0,,,,NOT_AVAILABLE,129.4813106275391,-1.0190114550566718,51.6805509151264,45.883511059312305,100001,5846.563,5500.0,6482.7646,,,,,,,200111,10.996424,8.944009,12.425886,127.29173,108.53551,146.04796,http://geadata.esac.esa.int/data-server/datalink/links?ID=511193570280071040,,10,26.53251,61.15535
4,2.66568919907678E-4,1635721458409799680,Gaia DR2 511216904848319104,511216904848319104,287383583,2015.5,26.612753680959262,0.01788244355638609,61.167197481512304,0.02155170121720559,0.4024078808427795,0.029280462653827617,13.743221,-1.0730206472733717,0.031535239307187594,-0.20848636219232183,0.04660606724144102,-0.4883813,-0.013487914,-0.59655887,0.37626,0.035760067,0.35838136,-0.4383857,0.11179146,-0.083780155,-0.6248974,538,538,522,16,8.305855,831.7977,0.0,0.0,31,false,285.8906,1.6168611763420895,0.004429153242092175,-0.017054167,61,18,0.038416844,0,66,true,541,1779971.2773960477,404.63939610155313,4398.9077,10.062333,63,956216.1649049796,489.3310328919518,1954.1294,10.399998,62,1195265.5533979954,737.5458168445732,1620.5984,9.568259,1.2087171,1,0.8317385,0.3376646,0.49407387,,,0,,,,NOT_AVAILABLE,129.5164817237103,-0.9992781896808164,51.736845291670335,45.87401932496347,100002,5791.0,5755.6665,5828.5,,,,,,,200111,20.689957,20.42458,20.944763,433.73868,382.7268,484.75055,http://geadata.esac.esa.int/data-server/datalink/links?ID=511216904848319104,,17,26.61242,61.16741
5,2.575142492649662E-4,1635721458409799680,Gaia DR2 511240613069083392,511240613069083392,1047710839,2015.5,26.49761481450389,0.012958857422173049,61.180646920686165,0.01428454521735281,0.3048686234688494,0.01943080072077405,15.689967,-1.0982097189742541,0.02271014789622033,-0.2129710032016205,0.029760599714585147,-0.55924726,0.116723925,-0.6156625,0.41197044,-0.024425812,0.39430845,-0.4467456,0.037380695,-0.038152147,-0.68249726,465,0,463,2,-4.3454623,338.12463,0.0,0.0,31,true,123.13493,1.6139918517629344,0.0028472677280473482,-0.016670467,55,19,0.043992225,0,61,false,479,97381.28920278406,29.47727421443948,3303.6057,13.217177,58,53491.71661781504,62.79564542331186,851.838,13.530672,53,65584.04809230343,55.343879626496395,1185.0281,12.719924,1.2227787,0,0.8107481,0.31349468,0.49725342,,,0,,,,NOT_AVAILABLE,129.45937095610373,-0.9978305245279006,51.678172419248874,45.91395924491825,100001,5985.6665,5804.0,6343.0,,,,,,,200111,5.950529,5.298967,6.3288646,40.950195,33.792313,48.108078,http://geadata.esac.esa.int/data-server/datalink/links?ID=511240613069083392,,23,26.49715,61.18052
6,2.233143110664338E-4,1635721458409799680,Gaia DR2 511240613069082624,511240613069082624,495950536,2015.5,26.51438787066738,0.017100783461357263,61.182906432122806,0.02027307967689753,0.33437794063196064,0.031121502888772534,10.744273,-1.1306074607152665,0.030881243497816575,-0.2404707546182648,0.04357062814949997,-0.4713428,-0.002876414,-0.5266803,0.301867,0.08120979,0.26097438,-0.31057438,0.046720814,-0.0670129,-0.65883845,487,346,483,4,3.28649,586.2224,0.0,0.0,31,true,180.43575,1.6027929682171949,0.004165995474492304,-0.01937586,55,18,0.038639262,0,60,false,511,132380.2808060131,90.2599527942028,1466.6558,12.883807,58,71159.29377662191,188.90208932221566,376.69934,13.220809,57,91521.90013852638,170.87722443985257,535.60034,12.358108,1.2288929,0,0.8627014,0.3370018,0.5256996,,,0,,,,NOT_AVAILABLE,129.4668024186232,-0.9939234558463206,51.689818607258886,45.911764045442425,100001,5635.25,5409.97,6216.395,,,,,,,200111,7.209911,5.9248734,7.8228774,47.22884,39.593285,54.864395,http://geadata.esac.esa.int/data-server/datalink/links?ID=511240613069082624,,25,26.51397,61.18281
7,1.5104921124815192E-4,1635721458409799680,Gaia DR2 511217179726196352,511217179726196352,1470924493,2015.5,26.55762229145378,0.01885561751809845,61.19362687571529,0.022139877830909007,0.3159840141288286,0.03127905750451209,10.102095,-1.0738073439102516,0.03246763211606401,-0.23413274852886393,0.04681825040281822,-0.5004878,0.080766045,-0.5920451,0.3475331,-0.014741806,0.33351168,-0.38724768,0.09133998,-0.1290613,-0.6340783,515,497,508,7,5.664744,704.0789,0.0,0.0,31,true,216.7199,1.6253003889920363,0.004476966187687502,-0.03158746,58,18,0.038317997,0,64,false,524,156494.69907411578,28.72366730714586,5448.284,12.702117,60,88043.6362860251,132.0468392606477,666.7606,12.989643,55,102736.88311295309,74.0747525617987,1386.9352,12.232604,1.2190862,0,0.75703907,0.28752613,0.46951294,,,0,,,,NOT_AVAILABLE,129.48491830045552,-0.9790579582404466,51.72343245810602,45.91031890314648,100001,5857.6333,5546.6665,6329.975,1.8753,1.5554,2.0291,0.9483,0.7673,1.0261,200111,7.6218305,6.52679,8.500403,61.617203,51.876785,71.35762,http://geadata.esac.esa.int/data-server/datalink/links?ID=511217179726196352,,27,26.55731,61.19364
8,1.876540509142299E-4,1635721458409799680,Gaia DR2 511264115131118464,511264115131118464,310315886,2015.5,26.534393111566438,0.011597829875107907,61.194693794102044,0.014806789013841411,0.35886645856744415,0.020813407394601365,17.24208,-1.1225913972759363,0.01995572306071625,-0.06602246559115982,0.0307035407740537,-0.4020189,0.07423942,-0.5641743,0.35448474,0.041524164,0.29924163,-0.35328066,0.038287167,-0.019963205,-0.610665,443,0,441,2,-7.776733,243.86183,0.0,0.0,31,true,97.6612,1.6059270490064133,0.0028450074462829864,-0.015552946,51,18,0.04113003,0,61,false,487,77356.42442443734,11.263592904281925,6867.8286,13.467125,41,41953.489294593994,76.3422955935405,549.5445,13.794468,38,52880.712882732056,39.966675900003914,1323.1201,12.953677,1.2259383,0,0.84079075,0.327343,0.51344776,,,0,,,,NOT_AVAILABLE,129.47375020063407,-0.9803722967534799,51.71039255069051,45.9169603541376,100001,5664.0,5163.0,5814.543,,,,,,,200111,5.0776505,4.8181257,6.110898,23.906351,20.184853,27.62785,http://geadata.esac.esa.int/data-server/datalink/links?ID=511264115131118464,,29,26.53402,61.19464
9,1.8499815023928138E-4,1635721458409799680,Gaia DR2 511264115126402176,511264115126402176,1225018513,2015.5,26.529046237117182,0.042639799257775474,61.197529041340175,0.037646405043037415,0.30029315756557845,0.053560464526161894,5.60662,-1.0043839825268555,0.05992206147685867,-0.22512998455959185,0.0689692856956182,-0.47398442,0.20196506,-0.7513924,0.23305227,0.051051915,0.27767146,-0.32445863,-0.2169565,0.003789511,-0.504174,256,256,250,6,5.2866354,380.7507,0.0,0.0,31,true,270.24155,1.6034355788101957,0.008332229678587162,-0.07039284,29,12,0.05159266,0,31,true,268,1409380.8240466,312.4183133083812,4511.1978,10.315795,28,740420.8044714594,655.1699155836988,1130.1202,10.677691,31,974909.1932771124,958.0637032286527,1017.5828,9.78951,1.2170806,1,0.8881817,0.3618965,0.5262852,,,0,,,,NOT_AVAILABLE,129.470634693955,-0.9781425304678898,51.7092955545734,45.92071441854245,100002,5767.9434,5484.0,6262.3633,1.575,1.1346,2.0941,0.696,0.5257,1.002,200111,24.88624,21.111774,27.53001,617.5857,468.80508,766.36633,http://geadata.esac.esa.int/data-server/datalink/links?ID=511264115126402176,,31,26.52869,61.19746
10,1.8574466087258095E-4,1635721458409799680,Gaia DR2 511264115131117952,511264115131117952,879538172,2015.5,26.534496910379737,0.018680730521405436,61.20412031636354,0.02289785222404353,0.3021563535717822,0.03207130129235584,9.421393,-1.0101263695941012,0.03344689225995075,-0.1495267970778702,0.0494474331156893,-0.40057656,0.03621247,-0.5284583,0.33044678,-0.026817556,0.3051456,-0.40822855,0.08039247,-0.024801064,-0.559122,424,424,417,7,1.1487188,445.15964,0.0,0.0,31,true,291.3938,1.5998757043231204,0.005054357312912605,-0.015086356,48,18,0.03862219,0,58,true,444,203139.96106405836,42.62353233313228,4765.911,12.418878,50,110633.5518168704,200.3836880442015,552.1086,12.741671,47,137882.5836656161,87.89554730101642,1568.7096,11.913146,1.2233739,0,0.8285246,0.322793,0.5057316,,,0,,,,NOT_AVAILABLE,129.4718151287827,-0.9711463330948119,51.71738651464795,45.925034399655566,100001,5661.75,5504.4507,5774.3335,1.844,1.4697,2.0059,0.927,0.765,1.028,200111,9.781283,9.403585,10.348306,88.57051,73.8369,103.30412,http://geadata.esac.esa.int/data-server/datalink/links?ID=511264115131117952,,36,26.53414,61.20405
12,1.7218799693129557E-4,1635721458409799680,Gaia DR2 511264149490855808,511264149490855808,1620754608,2015.5,26.54046654815067,0.018657796732357294,61.20595806369092,0.021898330289841877,0.3005332234161247,0.02944745501647085,10.205746,-1.1280718427662846,0.03303621885816887,-0.1870554691084548,0.04620092670191983,-0.48319656,0.05722148,-0.5846257,0.3749379,0.067036994,0.35352635,-0.4199827,0.09493806,-0.09504488,-0.64818424,472,429,463,9,4.9728794,624.7746,0.0,0.0,31,true,224.06734,1.6111630365428926,0.004649401810325398,-0.017236823,53,19,0.03982171,0,58,true,496,159652.24663245433,404.73787682074607,394.45837,12.6804285,48,88457.71899346446,643.3678981494265,137.49165,12.984549,47,106976.82052111448,1006.3338088145962,106.30351,12.188696,1.2241265,0,0.79585266,0.30412006,0.4917326,,,0,,,,NOT_AVAILABLE,129.47423968377203,-0.9687445299621545,51.722289967545755,45.92514236342002,100001,6022.0,5781.0,6564.28,1.9933,1.618,2.1571,0.9797,0.7779,1.0886,200111,7.630852,6.4221487,8.280348,68.992805,57.785282,80.200325,http://geadata.esac.esa.int/data-server/datalink/links?ID=511264149490855808,,38,26.54013,61.2059
13,1.7667147729292536E-4,1635721458409799680,Gaia DR2 511217282805390464,511217282805390464,627619714,2015.5,26.606689421387166,0.0184974775499592,61.20899793401235,0.023010114397183735,0.3707582131839284,0.03142902859081894,11.79668,-1.4271800647822108,0.03263365872710961,-0.31112442892232317,0.04685405289535782,-0.38935518,-6.910369E-4,-0.58342457,0.31856808,0.015318955,0.2504359,-0.33979827,0.08932299,0.051180113,-0.60909086,451,451,447,4,3.7567177,562.5847,0.0,2.6901064090924424E-15,31,false,309.38202,1.6222297168490236,0.005309104228118184,-0.031558532,51,17,0.037376225,0,60,false,463,217331.56342154826,34.89355032223469,6228.4165,12.345559,54,120684.2624161761,188.75926986725793,639.3554,12.647262,50,144698.23492579427,72.58268653774554,1993.5641,11.860762,1.2210951,0,0.7865,0.3017025,0.48479748,,,0,,,,NOT_AVAILABLE,129.5047797800472,-0.9590423371816778,51.76392408571253,45.91144407615027,100001,5912.6665,5798.0,6340.033,,,,,,,200111,7.5030127,6.525584,7.80272,61.98686,53.69587,70.27785,http://geadata.esac.esa.int/data-server/datalink/links?ID=511217282805390464,,39,26.60639,61.2091
14,2.3514044565554494E-4,1635721458409799680,Gaia DR2 511217454604082944,511217454604082944,226331060,2015.5,26.651221195423037,0.01210461649274797,61.20698882256367,0.014407665119730963,0.2290643408521026,0.022321983022174592,10.261827,-1.1426133795901423,0.021937353582808544,-0.1613731879459513,0.03135512390567834,-0.4875293,-0.03927324,-0.48048303,0.26234007,0.10043272,0.24192658,-0.3004601,-0.020070797,0.07720318,-0.6618283,482,9,482,0,-5.9005938,316.46756,0.0,1.823253510052564E-15,31,false,96.573906,1.6039131302057754,0.002930838862282162,-0.060388546,55,17,0.041307792,0,60,false,499,75367.33636299016,26.86418104397508,2805.4954,13.495408,47,40511.15767292854,68.02221102006926,595.5578,13.832452,49,52641.4274697384,46.710909647622614,1126.9622,12.958601,1.2359809,0,0.8738508,0.33704376,0.53680706,,,0,,,,NOT_AVAILABLE,129.52616945006346,-0.9564618666240771,51.788943078697315,45.89875705666288,100001,5579.5,5400.0,5925.6973,,,,,,,200111,8.119848,7.1987906,8.668639,57.56674,42.97731,72.156166,http://geadata.esac.esa.int/data-server/datalink/links?ID=511217454604082944,,40,26.65091,61.20717
15,1.940255123489548E-4,1635721458409799680,Gaia DR2 511217282805392640,511217282805392640,143348797,2015.5,26.6152892842913,0.017447203636088662,61.207065680690036,0.021958150161386213,0.36237418351957534,0.03178002804633107,11.4025755,-1.1096755718498155,0.0313319572620458,-0.15757249536589432,0.04515706021572644,-0.41687548,-0.011458029,-0.55277395,0.28059363,0.045589905,0.26445368,-0.40874496,0.11608974,-0.019622725,-0.6005939,543,543,525,18,9.857474,906.1084,0.0,0.0,31,false,317.24515,1.5701130981811795,0.004209422117216395,0.0035512997,62,18,0.035892423,0,67,false,570,1432619.2913948144,4142.991486696358,345.79346,10.2980385,58,729709.2019409569,5786.314074832749,126.109505,10.693514,57,1051483.1887520035,10302.902721301212,102.056984,9.707415,1.2433118,0,0.98609924,0.3954754,0.59062386,,,0,,,,NOT_AVAILABLE,129.50923742968254,-0.9600544440350963,51.767621163832885,45.90766622224225,100001,5298.25,5150.0,5365.0,,,,,,,200111,25.215193,24.591654,26.687798,451.38705,389.14337,513.63074,http://geadata.esac.esa.int/data-server/datalink/links?ID=511217282805392640,,41,26.61498,61.20719
16,2.602744283052409E-4,1635721458409799680,Gaia DR2 511264183850593792,511264183850593792,1379267616,2015.5,26.497122484141652,0.019157446998682114,61.2126723271177,0.02298945394048205,0.3379360065617801,0.030937847734495837,10.923061,-0.970739287891558,0.03212808545658273,-0.3180941605065627,0.046561522390054164,-0.5453789,0.062255148,-0.5805955,0.37320006,0.0784919,0.3739809,-0.42108068,0.067446545,-0.12854376,-0.6562002,491,491,479,12,4.291888,618.0102,0.0,0.0,31,true,332.2023,1.5786729819798708,0.004702064856667681,-0.030339016,56,17,0.038345095,0,64,true,531,1269921.105398949,4074.5204363206017,311.67377,10.428924,55,641223.005554107,4762.27274669518,134.64642,10.833865,59,909641.3223094958,10815.723759558623,84.1036,9.864744,1.2212288,0,0.969121,0.40494156,0.5641794,,,0,,,,NOT_AVAILABLE,129.45241662983886,-0.9665681752462724,51.70144406490565,45.94159375542155,100001,5366.0,5337.75,5731.645,,,,,,,200111,24.706348,21.65466,24.968557,455.94717,389.71896,522.1754,http://geadata.esac.esa.int/data-server/datalink/links?ID=511264183850593792,,42,26.4967,61.21251
17,1.8369811594201287E-4,1635721458409799680,Gaia DR2 511217656456656000,511217656456656000,390415729,2015.5,26.626011476011044,0.018630142453514676,61.216575998026116,0.022349031780575963,0.2948701671377107,0.030616239367531235,9.631168,-1.074504776759071,0.03258601563522832,-0.1662151695007868,0.047936871199272466,-0.3811699,-0.006821247,-0.588981,0.33355537,-0.051619604,0.2851762,-0.36942345,0.08776862,0.0021656714,-0.53430486,458,452,441,17,7.69118,703.91864,0.0,0.0,31,false,350.72974,1.5997963121197714,0.004596448278420456,-0.016384961,53,18,0.037984967,0,61,false,462,271600.483312686,74.23464980757616,3658.6753,12.103539,52,146604.98873353857,273.3156874733326,536.39435,12.436016,49,185644.17398254038,180.58753807970362,1028.001,11.590217,1.223301,0,0.84579945,0.33247662,0.51332283,,,0,,,,NOT_AVAILABLE,129.51227062281774,-0.9496664541562669,51.78098574353779,45.91320153826908,100001,5666.4,5017.0,5835.0,,,,,,,200111,11.568428,10.909556,14.757086,124.30034,103.67633,144.92435,http://geadata.esac.esa.int/data-server/datalink/links?ID=511217656456656000,,46,26.62573,61.2167
18,2.4915441630140233E-4,1635721458409799680,Gaia DR2 511264218210331008,511264218210331008,607905333,2015.5,26.510057165015986,0.02194068855239066,61.22065065709614,0.027639690203772074,0.3258232306707493,0.034401670247429135,9.471146,-1.1439672191186063,0.03617431834845621,-0.26615941917965796,0.05208974706106582,-0.6140747,-0.014023019,-0.57120955,0.37675357,0.173783,0.36000904,-0.41433802,-0.08221635,0.06291972,-0.69705385,455,455,441,14,8.322051,729.86945,0.0,0.0,31,true,386.52515,1.5854772139233555,0.004971825612542662,-0.003643853,51,17,0.042024568,0,58,false,456,372520.23115759273,107.14394133773139,3476.8203,11.760491,45,194989.74997501273,237.1434108189097,822.244,12.126359,46,261873.38150810794,179.9456928726951,1455.2911,11.216692,1.2264116,1,0.909667,0.3658676,0.5437994,,,0,,,,NOT_AVAILABLE,129.45683124714387,-0.957460003127241,51.715011486608624,45.945259147255015,100002,5474.0,5138.16,5991.9326,2.161,1.8856,2.4526,1.095,0.9416,1.247,200111,13.253044,11.060924,15.042151,142.084,119.10554,165.06247,http://geadata.esac.esa.int/data-server/datalink/links?ID=511264218210331008,,47,26.50963,61.22051
19,2.5309911138838345E-4,1635721458409799680,Gaia DR2 511217488963802240,511217488963802240,502121873,2015.5,26.672625527656642,0.03930970170572753,61.22087515156568,0.05418069645384751,0.31595126957470065,0.060022518479861287,5.263879,-1.060843502395235,0.05792867181550729,-0.14296040746650507,0.09865040005748843,-0.5478042,0.23081233,-0.71677697,0.44112235,-0.07475047,0.4610993,-0.6690032,-0.1406397,0.13403961,-0.5958243,285,285,261,24,16.605888,844.08875,0.09487105835571448,3.7760466867794324,31,false,78.24913,1.5933667444012936,0.008985981039494878,0.0053451974,32,12,0.06825953,0,39,true,302,804958.0580505789,705.7363830331097,1140.5931,10.923933,33,424234.4381799555,891.7197616618571,475.7486,11.282373,31,546317.9795098557,452.77604522223106,1206.5964,10.418306,1.205718,0,0.8640671,0.3584404,0.5056267,,,0,,,,NOT_AVAILABLE,129.53329352555775,-0.9407034733745511,51.81186974183225,45.90542968765201,100001,5686.3335,5543.0,5994.0874,,,,,,,200111,18.443102,16.597876,19.409256,320.3996,240.34448,400.4547,http://geadata.esac.esa.int/data-server/datalink/links?ID=511217488963802240,,48,26.67229,61.22107
20,1.0565662035061958E-4,1635721458409799680,Gaia DR2 511217660762493568,511217660762493568,461441555,2015.5,26.61796255336389,0.010618503396747298,61.22284929705805,0.012903616675759446,0.29984189922185583,0.017794852141591235,16.849924,-0.9290960651653861,0.01908005784968005,-0.2573471616741223,0.027354947940709605,-0.49079466,-0.016532334,-0.5370266,0.33880645,0.046845313,0.31653503,-0.36594722,0.10663407,-0.06772205,-0.62496823,502,0,501,1,-4.90921,356.3547,0.0,0.0,31,true,119.4582,1.558445285149642,0.0025621944913825144,-0.007675289,58,19,0.03929502,0,62,false,527,94050.7440017092,19.106443646947696,4922.462,13.25496,49,46721.84501680754,66.68714767558868,700.6124,13.677588,45,69901.99047894981,42.26502061011713,1653.897,12.650696,1.2400097,1,1.0268927,0.4226284,0.60426426,,,0,,,,NOT_AVAILABLE,129.5071542272045,-0.9443560042165522,51.7808073547587,45.92057417888913,100002,5141.3335,5102.5,5232.013,,,,,,,200111,8.395642,8.107142,8.523921,44.371655,36.93979,51.80352,http://geadata.esac.esa.int/data-server/datalink/links?ID=511217660762493568,,49,26.61777,61.2229
21,1.3253424535182215E-4,1635721458409799680,Gaia DR2 511217351524847360,511217351524847360,413754456,2015.5,26.59136961279668,0.01741822187844201,61.224193155483235,0.020920359866761065,0.28409639212216925,0.028465783011587018,9.980277,-1.310958517261311,0.031012381700386293,-0.16226346676925993,0.044443681554212355,-0.4506956,0.021456067,-0.54105747,0.35071555,0.09510374,0.31731606,-0.32905623,0.08655046,-0.09696251,-0.59432757,522,522,492,30,13.430806,1036.8164,0.0,0.0,31,false,383.50836,1.6092519566855958,0.004542500311142744,-0.027565552,59,19,0.03663628,0,64,false,515,478580.54435436986,208.7253182455715,2292.8726,11.488478,59,258421.64744090344,381.92387480782844,676.6313,11.820566,56,322484.6330898516,211.92718514597104,1521.6765,10.990647,1.2138109,0,0.82991886,0.33208847,0.4978304,,,0,,,,NOT_AVAILABLE,129.49435617195334,-0.9457500198412592,51.765978956090215,45.928274519393725,100001,5786.0,5607.5,5992.0,,,,,,,200111,15.224631,14.195805,16.20933,234.0464,195.76855,272.32425,http://geadata.esac.esa.int/data-server/datalink/links?ID=511217351524847360,,51,26.5911,61.22422
22,2.2985685429177853E-4,1635721458409799680,Gaia DR2 511264218210327296,511264218210327296,874242278,2015.5,26.52040135626252,0.04107197605531292,61.228274559318905,0.05083852359222704,0.42022455935755104,0.059019778132180546,7.1200633,-0.6182056796605718,0.065572322978756,-0.37703442045613417,0.0944007532276487,0.019824972,-0.20903797,-0.748218,0.004043563,-0.024614535,-0.012922538,-0.6172224,0.2556849,-0.0053063026,-0.32118857,254,254,254,0,-0.46023586,238.2221,0.0,8.960891209418259E-16,31,true,190.94426,1.543094337595589,0.007829051461667402,0.005881158,29,10,0.060733076,0,33,true,275,6536792.9917015955,3605.3193682842916,1813.0968,8.649954,32,3094212.500030869,4761.4511465996275,649.84656,9.125012,32,5021125.670639215,7735.624976077676,649.0911,8.009917,1.2414862,0,1.1150951,0.47505856,0.6400366,81.75791259553027,1.838785860335093,9,5500.0,4.5,0.0,NOT_AVAILABLE,129.46009787076372,-0.9489599299577833,51.72677627031599,45.949259390014504,100001,4983.6665,4899.25,5174.0,,,,,,,200111,53.989773,50.09064,55.866344,1619.9948,1319.6138,1920.3757,http://geadata.esac.esa.int/data-server/datalink/links?ID=511264218210327296,,52,26.52,61.22815
23,1.9930455730594705E-4,1635721458409799680,Gaia DR2 511217488963795584,511217488963795584,541228879,2015.5,26.648359813084237,0.01925404429181511,61.22752253338861,0.023311516621023542,0.30446899469413835,0.030049123236803355,10.132376,-1.0180245756512676,0.03429978804967839,-0.13798476256677447,0.04909689679063424,-0.55125713,0.05347801,-0.5924827,0.42960596,-0.05615734,0.4121676,-0.4668305,-0.007257853,0.006263948,-0.65747243,476,476,464,12,5.109176,631.0304,0.0,2.6289927181032925E-15,31,true,353.38348,1.5790351163060494,0.0046160157745346025,-0.0024143413,55,19,0.041046847,0,62,false,494,267199.55285526544,178.966024254902,1493.0183,12.121277,48,135273.67003615925,257.8546668937834,524.61206,12.523355,45,196831.1205313316,548.7187936624516,358.71036,11.526686,1.2429092,0,0.9966688,0.40207767,0.59459114,,,0,,,,NOT_AVAILABLE,129.52046557942506,-0.9366879912160402,51.802319055915234,45.91711210365876,100001,5190.5527,5041.61,5365.0,,,,,,,200111,13.615548,12.744503,14.431912,121.23259,102.064575,140.4006,http://geadata.esac.esa.int/data-server/datalink/links?ID=511217488963795584,,54,26.64806,61.22766
24,1.608216256347162E-4,1635721458409799680,Gaia DR2 511264252570065024,511264252570065024,419641886,2015.5,26.55843669700014,0.013369037330664017,61.22884126971569,0.016685183062113133,0.30995767019509635,0.024727528344242928,12.534924,-1.0656649179956876,0.024677968358323858,-0.15874121666222765,0.03565350897188258,-0.43484294,-0.044215076,-0.52703834,0.31829724,0.13936302,0.2810486,-0.34602314,0.13581046,-0.19140741,-0.64209193,478,152,473,5,0.77020776,491.27258,0.0,0.0,31,true,156.93927,1.567014940863838,0.003399685320170747,0.004659187,54,17,0.039518632,0,59,false,501,120463.17092897907,61.80947423301943,1948.9435,12.98623,55,60206.04212073671,116.73940320442124,515.7302,13.402288,52,89363.48409997142,115.18590657658152,775.8196,12.38402,1.2416204,0,1.0182686,0.41605854,0.60221004,,,0,,,,NOT_AVAILABLE,129.47787782373865,-0.9445521178124346,51.749812107320004,45.9403772017956,100001,5202.6665,5106.54,5325.0,,,,,,,200111,8.929556,8.523984,9.268904,52.633034,43.4947,61.771366,http://geadata.esac.esa.int/data-server/datalink/links?ID=511264252570065024,,55,26.55812,61.22879
25,1.6545169709305393E-4,1635721458409799680,Gaia DR2 511217660762484096,511217660762484096,1087122047,2015.5,26.619252111279586,0.01807752868268962,61.23067105237745,0.02132861103226265,0.3187919214129676,0.02982170593239485,10.689929,-1.3354874097616343,0.03173383682185427,-0.2873266626219004,0.04469285145697528,-0.45752624,-0.04941282,-0.57781446,0.33403227,0.032762907,0.3116735,-0.40779307,0.06495893,-0.026196124,-0.61168236,499,499,497,2,4.7545695,655.9154,0.0,0.0,31,true,253.04424,1.600564759815253,0.004640922832471101,-0.030437132,57,19,0.03678395,0,62,true,526,177225.84305898493,71.76317932598131,2469.593,12.567048,55,93755.05797853782,183.35061684774655,511.34302,12.921401,53,124112.1762301793,162.48470741256924,763.8391,12.027384,1.2293198,0,0.8940172,0.35435295,0.53966427,,,0,,,,NOT_AVAILABLE,129.5061048422285,-0.936580128756217,51.787322683503476,45.926979230770215,100001,5430.6665,5070.0,6120.7007,,,,,,,200111,9.515205,7.490696,10.917131,70.94856,60.288383,81.60874,http://geadata.esac.esa.int/data-server/datalink/links?ID=511217660762484096,,56,26.61895,61.23075
26,1.3375304201607228E-4,1635721458409799680,Gaia DR2 511217729481958400,511217729481958400,563182023,2015.5,26.60983888487337,0.020597668948018955,61.2327316394095,0.024769765209013046,0.3713967720155446,0.03650008669754981,10.17523,-1.200359598474915,0.035376638000684205,-0.0709622320209054,0.050846715506632945,-0.48026985,0.09914864,-0.58701235,0.37025523,0.021762488,0.34409264,-0.38984215,0.065812804,-0.0779147,-0.62599,448,448,447,1,0.53005826,457.26553,0.0,0.0,31,true,229.54085,1.5960633456580813,0.004989480426886866,0.025614591,51,16,0.039251525,0,58,false,474,161442.6911197237,55.61085227797419,2903.0789,12.66832,51,85378.22433866204,137.11949156474952,622.65564,13.023021,49,113417.188548702,109.64838590222433,1034.3717,12.125223,1.2313683,0,0.8977976,0.35470104,0.54309654,,,0,,,,NOT_AVAILABLE,129.50124041786952,-0.9355250210763719,51.783239861824896,45.93106641614927,100001,5461.915,5195.283,6218.0176,1.938,1.5534,2.1301,0.9757,0.7745,1.078,200111,7.6929874,5.935824,8.502888,47.453094,40.442535,54.463654,http://geadata.esac.esa.int/data-server/datalink/links?ID=511217729481958400,,57,26.6096,61.2328
27,1.319643652228825E-4,1635721458409799680,Gaia DR2 511217725176130048,511217725176130048,1616741577,2015.5,26.600937096154013,0.01765979759942128,61.23384011637248,0.02111794626469827,0.3467891543396106,0.028418996774417407,12.2027235,-1.1120543889494112,0.030756732852222007,-0.15029346743284322,0.04442234658210398,-0.47905263,-0.048832253,-0.573164,0.36741018,0.108715676,0.33836177,-0.37432095,0.099994704,-0.114676796,-0.6098839,485,458,479,6,2.1834536,543.7252,0.0,1.3166102650418438E-15,31,false,220.15015,1.59756298513885,0.004393844525391136,-0.013005645,55,19,0.037588596,0,59,true,485,155833.25511586238,26.291043662550045,5927.2373,12.706716,52,81968.65700058699,108.08285096836728,758.38727,13.067268,49,109695.31401421843,64.6960687754545,1695.5483,12.161449,1.2299298,1,0.90581894,0.3605528,0.54526615,,,0,,,,NOT_AVAILABLE,129.49681835924974,-0.9353476911020338,51.77876164199724,45.934209661427445,100002,5668.63,5306.6,6519.6367,,,,,,,200111,7.444338,5.627759,8.49473,51.553635,44.540115,58.567154,http://geadata.esac.esa.int/data-server/datalink/links?ID=511217725176130048,,58,26.60067,61.23387
28,2.0317985409703396E-4,1635721458409799680,Gaia DR2 511217592043001216,511217592043001216,1535339190,2015.5,26.66248315476942,0.02020051430480357,61.23501377751991,0.024076669406004097,0.2678749170213744,0.031175984210856794,8.592348,-1.0037228293269886,0.034387741583361775,-0.23780298964361873,0.04758545425887213,-0.5715742,0.08598953,-0.59091175,0.38892663,-0.068945244,0.3744183,-0.43347085,0.037632924,0.028728645,-0.6539248,513,513,489,24,13.922575,1058.1213,0.0,0.0,31,true,359.33505,1.6299899397880064,0.004572871411157127,-0.00701581,60,19,0.039697327,0,69,true,543,790078.0011414206,734.9708305175647,1074.9788,10.944191,56,436261.54685789923,1105.0068065358594,394.8044,11.252021,54,514059.7501665111,1040.1417841371651,494.22086,10.484386,1.2028196,0,0.7676344,0.30782986,0.45980453,,,0,,,,NOT_AVAILABLE,129.52551849743165,-0.9279246773608645,51.81622032030195,45.92007790683414,100001,6111.5,5674.5,6999.6777,,,,,,,200111,18.46471,14.07609,21.418198,428.51987,349.61395,507.42578,http://geadata.esac.esa.int/data-server/datalink/links?ID=511217592043001216,,59,26.66219,61.23516
29,1.383365221455106E-4,1635721458409799680,Gaia DR2 511217729481954816,511217729481954816,1676967853,2015.5,26.612125158883128,0.03372604085162267,61.23643654977513,0.03959590241271868,0.2694447124482209,0.05171836140653903,5.2098465,-1.0592938177252653,0.058904725531875084,-0.2810688736840401,0.08070413605134785,-0.46718428,-0.040467747,-0.59008455,0.3702496,0.064053565,0.35130844,-0.45527217,0.041930087,-0.0245193,-0.6096726,412,404,396,16,34.376823,2353.1836,0.17710793705461103,15.400901659225873,31,false,25.691553,1.568194323889509,0.008645668791619618,0.027597215,48,19,0.05771771,0,58,true,415,273203.8418475568,132.588529658417,2060.539,12.097149,52,140620.31155812513,223.94276556310544,627.9297,12.481268,51,196999.98630043096,272.3340715501414,723.3762,11.525755,1.2357817,0,0.955513,0.38411903,0.57139397,,,0,,,,NOT_AVAILABLE,129.50153184199917,-0.9316712021336088,51.78732316263348,45.93368775768915,100001,5223.5,4850.0,5403.4272,,,,,,,200111,15.320925,14.317578,17.771524,157.43855,115.99823,198.87888,http://geadata.esac.esa.int/data-server/datalink/links?ID=511217729481954816,,61,26.61186,61.23649
31,1.3552867220330248E-4,1635721458409799680,Gaia DR2 511217695122208640,511217695122208640,1075658170,2015.5,26.62764398531453,0.018322799062266602,61.24145138372886,0.022974887144950495,0.37003572585739763,0.03198541968417272,11.568888,-1.0651141375456654,0.032012113530546525,-0.07774225862570049,0.047111495546296414,-0.43947634,0.03510822,-0.5406231,0.3048743,0.06872332,0.2842988,-0.3834881,0.016022159,-0.010713352,-0.6035388,476,476,461,15,8.413324,759.25073,0.0,0.0,31,true,369.15436,1.5682006098734227,0.004611627903724729,-0.022367172,55,19,0.03720665,0,60,false,494,308793.0756943558,1306.0267442425543,236.43703,11.964197,52,155853.12961569472,1826.6132395663917,85.323555,12.369599,54,236164.58073359396,3997.839525485258,59.07305,11.328883,1.2695159,0,1.0407162,0.40540218,0.635314,,,0,,,,NOT_AVAILABLE,129.50776863648235,-0.9251891228087101,51.80023677597049,45.93417949567781,100001,5204.1997,5004.64,5423.0,,,,,,,200111,11.967002,11.0208235,12.940395,94.64142,81.80267,107.48016,http://geadata.esac.esa.int/data-server/datalink/links?ID=511217695122208640,,64,26.62739,61.24151
32,1.0726821329696798E-4,1635721458409799680,Gaia DR2 511217763841681536,511217763841681536,33987988,2015.5,26.61025152981206,0.017574474026915213,61.244397801227926,0.021467431458245062,0.32092243412115534,0.029983593608072935,10.703268,-1.1352992242414617,0.03049262439168885,-0.21546594440634215,0.04272573689174738,-0.45115706,-0.012849533,-0.58163965,0.34777638,0.16405815,0.31859785,-0.39163744,0.09368679,-0.10611519,-0.621342,516,516,511,5,7.6415176,789.2012,0.0,0.0,31,true,323.7591,1.6202336959331125,0.004462238547254712,0.002239732,59,18,0.03541467,0,62,false,532,241444.69912883596,45.99032810407267,5249.902,12.231321,56,134063.58639208213,234.5731483893691,571.5214,12.533111,56,161119.63149494893,125.666656481524,1282.1191,11.744049,1.2225707,0,0.78906155,0.30178928,0.48727226,,,0,,,,NOT_AVAILABLE,129.49896591686738,-0.9240809500747497,51.792063403917666,45.940990275187964,100001,5989.8447,5802.5,6601.77,,,,,,,200111,8.887874,7.3165812,9.471062,91.61207,77.8898,105.334335,http://geadata.esac.esa.int/data-server/datalink/links?ID=511217763841681536,,65,26.61003,61.24441
33,2.6083537727218453E-4,1635721458409799680,Gaia DR2 511219030846185984,511219030846185984,806179214,2015.5,26.718752782391945,0.01921022175690114,61.247230580765084,0.023775844669737232,0.3158274487962178,0.03409099706478107,9.264248,-1.2872117380475037,0.03115921912780763,-0.32135696473822667,0.04619840299090252,-0.4937718,0.156123,-0.49278864,0.24143869,-0.01851051,0.20719835,-0.23789638,-0.13566665,0.19628522,-0.602652,470,443,463,7,4.496798,607.21875,0.0,1.3390685109912554E-15,31,false,212.83319,1.603415448269351,0.00482116541700462,-0.03477391,54,19,0.036083598,0,60,true,477,152694.3730381897,47.86945099202787,3189.8083,12.728808,54,80843.0257040279,127.2722324392162,635.1977,13.082282,52,106669.72334982242,90.92761071453181,1173.1279,12.191817,1.2280266,0,0.8904648,0.35347366,0.5369911,,,0,,,,NOT_AVAILABLE,129.54937465318392,-0.9102268894476632,51.858645632951486,45.916750103576014,100001,5445.85,5070.0,6064.207,2.0745,1.825,2.347,1.0183,0.911,1.1841,200111,8.857825,7.14349,10.219804,62.17441,51.681946,72.66688,http://geadata.esac.esa.int/data-server/datalink/links?ID=511219030846185984,,68,26.71838,61.24742
34,1.1738782515878041E-4,1635721458409799680,Gaia DR2 511264699246655488,511264699246655488,1605172732,2015.5,26.599082370454198,0.023145294630826797,61.25825402591786,0.029618616125593515,0.37676298986923723,0.0380166457392275,9.910474,-1.0230779082635562,0.03880022364630915,-0.21266989132326192,0.05931155975237562,-0.4517847,0.023702173,-0.62055206,0.35563087,0.15572117,0.34298798,-0.47470558,0.025247216,-0.10277553,-0.6070105,487,487,481,6,4.8024096,639.2713,0.0,0.0,31,true,106.33763,1.5819657577509465,0.0060876269444089266,-0.030521486,55,18,0.0448279,0,64,false,525,9248218.946632735,5027.317651696997,1839.5931,8.27322,57,4654123.163909318,5487.56442663182,848.1218,8.681793,57,6595137.435215947,7155.489467806749,921.6892,7.7138605,1.2163705,0,0.9679327,0.40857315,0.55935955,,,0,,,,NOT_AVAILABLE,129.4907838874582,-0.9116742959887633,51.7956181231163,45.955644441182855,100001,5363.3335,5350.0,5382.0,,,,,,,200111,59.871567,59.456978,60.17037,2672.238,2271.9658,3072.5103,http://geadata.esac.esa.int/data-server/datalink/links?ID=511264699246655488,,70,26.59884,61.25824
35,1.1373296519449245E-4,1635721458409799680,Gaia DR2 511217828255340672,511217828255340672,8496997,2015.5,26.643889067663572,0.018599414896666992,61.26249708863497,0.022250927994810474,0.3551981012911438,0.032843269745570565,10.814943,-1.0423989181892086,0.0303657183231104,-0.1852887635079037,0.043689875736295715,-0.44714856,0.08967879,-0.57686216,0.3115309,-0.03337212,0.2754525,-0.33100253,-0.08301949,0.11534214,-0.5790062,511,511,501,10,8.604814,818.44495,0.0,0.0,31,false,248.28188,1.602407516392949,0.00482035989017139,-0.014003914,58,19,0.03439587,0,62,true,525,4362329.033186384,1181.0707658171575,3693.5374,9.089069,58,2302412.5130236084,2125.8173158826494,1083.0717,9.4459305,60,2959887.6676996797,2809.5304798582347,1053.5168,8.583732,1.2063051,0,0.8621988,0.3568611,0.5053377,,,0,,,,NOT_AVAILABLE,129.51094384843447,-0.9029655192620337,51.825367093325966,45.94827113045699,100001,5779.5,5543.0,6457.5176,,,,,,,200111,36.854076,29.521257,40.06603,1365.296,1168.9938,1561.5983,http://geadata.esac.esa.int/data-server/datalink/links?ID=511217828255340672,,71,26.64367,61.26254
36,2.137766128812302E-4,1635721458409799680,Gaia DR2 511217832553148032,511217832553148032,889091406,2015.5,26.648059335029867,0.020635890491883555,61.26328292425941,0.026522328142647496,0.2737119954641397,0.03621829424833667,7.557286,-1.1578131347067546,0.03285381603590152,-0.33700965175099096,0.05080122260195844,-0.23497364,0.078892834,-0.6160663,0.17396271,-0.11073165,0.16971794,-0.48892766,-0.09662073,0.14809515,-0.45375744,415,415,408,7,6.6760163,622.90686,0.0,0.0,31,false,280.8657,1.595272498608839,0.006019500222588481,0.011668604,47,18,0.037587695,0,52,true,450,1662535.9598017186,6683.827358496935,248.74011,10.136438,44,856726.9354935697,7764.377462023335,110.34071,10.519282,47,1197292.9720784128,17656.429368038695,67.81059,9.566419,1.235474,0,0.9528637,0.38284397,0.5700197,,,0,,,,NOT_AVAILABLE,129.51273678803025,-0.9017722697031012,51.82842316056343,45.94792124027302,100001,5286.25,5066.84,5405.0,0.6658,0.236,1.938,0.418,0.1234,0.8982,200111,36.15638,34.585094,39.355553,919.71954,736.2933,1103.1458,http://geadata.esac.esa.int/data-server/datalink/links?ID=511217832553148032,,72,26.64762,61.26325
37,1.2078049244978502E-4,1635721458409799680,Gaia DR2 511264694938474368,511264694938474368,721040138,2015.5,26.581681007059846,0.02119689182179585,61.2635774630391,0.02599191746698042,0.3431705435259316,0.03467786944211667,9.895952,-1.1592249632445955,0.03626419608652213,-0.17817993959235764,0.05153336483378365,-0.5080558,-0.114616394,-0.6141529,0.37764505,0.27913356,0.3235673,-0.3238627,0.08454079,-0.09358981,-0.6478561,466,466,434,32,16.013111,1088.5233,0.0,0.0,31,false,398.5533,1.6153135881796288,0.0050548908947605185,-0.07531893,54,17,0.04071688,0,61,false,493,494627.9597145455,650.5091413744956,760.3705,11.452669,53,263139.55896416755,897.2352792401069,293.2782,11.800922,54,333474.8258086821,1196.7922917213575,278.64053,10.954263,1.2061882,0,0.84665966,0.34825325,0.4984064,,,0,,,,NOT_AVAILABLE,129.48147991758944,-0.9082387651620933,51.78919553684836,45.96449944849863,100001,5753.6665,5653.0,6176.2095,,,,,,,200111,12.970865,11.256783,13.436939,166.11595,140.46916,191.76274,http://geadata.esac.esa.int/data-server/datalink/links?ID=511264694938474368,,73,26.58145,61.26353
39,2.261075601017712E-4,1635721458409799680,Gaia DR2 511264939764819328,511264939764819328,1464501452,2015.5,26.52638902852013,0.018946722956709364,61.27525394589147,0.022264869858109736,0.3853644987486109,0.02973549971333668,12.959745,-1.0186130967017515,0.03223295996430825,-0.2000794305753276,0.04535185319856553,-0.4361975,0.00933644,-0.5957273,0.33259404,0.10541869,0.30570233,-0.3724294,0.0594115,-0.07822412,-0.57265925,490,490,460,30,14.593132,1051.2892,0.0,0.0,31,true,384.04855,1.5777252038348648,0.005114931294698999,-0.07112105,56,19,0.037111074,0,62,false,472,627731.9816601012,337.8655006346104,1857.9346,11.19393,51,313421.95597733074,466.9892643691668,671.15454,11.611065,47,453750.0418020022,304.1453165005917,1491.8856,10.619879,1.222133,1,0.99118614,0.41713524,0.5740509,,,0,,,,NOT_AVAILABLE,129.45303424277273,-0.9024252715870268,51.76494634099734,45.988137497261306,100002,5358.0,5339.0,5374.0,,,,,,,200111,15.285764,15.194879,15.394753,173.49216,151.96866,195.01566,http://geadata.esac.esa.int/data-server/datalink/links?ID=511264939764819328,,75,26.52601,61.27512
40,1.0225049183501501E-4,1635721458409799680,Gaia DR2 511219378749345152,511219378749345152,1148072853,2015.5,26.640352625738107,0.01802530000256877,61.279916026028445,0.020289076440391605,0.3504299118663563,0.02878576793311825,12.173721,-1.1556335010284344,0.02797947533750934,-0.19428421449615907,0.03938383249907776,-0.40607378,0.21384133,-0.5700334,0.23795934,-0.055412654,0.23594691,-0.3699046,-0.09072628,0.054716922,-0.5243842,441,306,438,3,4.5279384,579.57306,0.0,1.4785736891062376E-15,31,false,180.28032,1.5955943404313078,0.004674152218609028,-0.03570795,50,19,0.03547964,0,55,true,447,134076.58171896037,41.021080948859925,3268.48,12.869984,51,70983.72860497377,102.82982640723908,690.3029,13.223491,46,93742.98865255942,53.50779073159471,1751.9503,12.332073,1.2286017,1,0.8914175,0.35350704,0.53791046,,,0,,,,NOT_AVAILABLE,129.50558822425074,-0.8863031928358608,51.836079934167515,45.96410910003082,100002,5447.84,5141.52,6123.207,2.0407,1.9246,2.2291,1.0215,0.9636,1.1231,200111,7.4743853,5.916519,8.391529,44.33462,37.810665,50.858578,http://geadata.esac.esa.int/data-server/datalink/links?ID=511219378749345152,,76,26.64014,61.27992
41,1.0986222036528432E-4,1635721458409799680,Gaia DR2 511219340083826816,511219340083826816,1468824874,2015.5,26.674444350973253,0.017193352113490646,61.28716172273743,0.020523144261187544,0.2965244750910052,0.029043057121779913,10.209823,-0.951835614285125,0.028611113753119442,-0.2993589533015377,0.04090449550985635,-0.40646884,0.08372656,-0.5208008,0.25218832,-0.06762195,0.23101673,-0.3099563,-0.05589766,0.08087731,-0.5246084,465,403,454,11,2.9516633,542.63007,0.0,0.0,31,false,201.67178,1.6133718793083742,0.004737056046684978,-0.0109501,53,20,0.03420427,0,56,true,490,143689.20534885707,99.01474941548793,1451.19,12.794806,56,77063.57530372369,154.4234109420533,499.04074,13.134265,56,99061.59941477535,197.1639090437651,502.4327,12.272157,1.225737,0,0.86210823,0.33945942,0.5226488,,,0,,,,NOT_AVAILABLE,129.520058671696,-0.8757453535888848,51.861660544635185,45.96195849290713,100001,5756.25,5429.99,6298.527,,,,,,,200111,8.082864,6.7509766,9.083359,64.62251,53.94239,75.302635,http://geadata.esac.esa.int/data-server/datalink/links?ID=511219340083826816,,78,26.67423,61.2872
42,2.2872851833412316E-4,1635721458409799680,Gaia DR2 511265141615069440,511265141615069440,1550196721,2015.5,26.52138329855163,0.03268518384868928,61.30763495142306,0.04142382340555832,0.3089258302784107,0.055973793521421705,5.5191154,-1.0579837962690286,0.05172413415120531,-0.20578762999517347,0.08045384944468453,0.059751157,0.008197869,-0.6025945,-0.04390683,0.038134407,-0.070769764,-0.42693675,0.11076206,-0.08148654,-0.30943877,211,211,209,2,3.8444142,291.07733,0.0,0.0,31,false,271.44284,1.589841296017957,0.0093243524689036,-0.040994056,25,12,0.050152853,0,26,true,197,1163752.993351995,274.7040569848928,4236.388,10.523714,24,592568.3133307392,577.3947504818179,1026.2793,10.919542,24,830279.0153663077,655.3892172713256,1266.8488,9.96386,1.2226369,0,0.95568275,0.39582825,0.5598545,,,0,,,,NOT_AVAILABLE,129.44387358791326,-0.8712738066927355,51.78585890532839,46.017177043846104,100001,5361.6665,5284.75,5454.0,,,,,,,200111,25.921017,25.050787,26.68104,500.2625,379.1239,621.4011,http://geadata.esac.esa.int/data-server/datalink/links?ID=511265141615069440,,80,26.52096,61.30753
44,6.570090283851014E-5,1635721458409799680,Gaia DR2 511219962864843904,511219962864843904,794520045,2015.5,26.6987857972332,0.021453830725557236,61.335821422092195,0.02451071254733104,0.31177431104373693,0.0358698884953496,8.691812,-1.1164607598585712,0.03757557851557726,-0.23959061389381833,0.05061239865259935,-0.36465433,0.08086586,-0.41748124,0.16453628,-0.025202928,0.15277722,-0.25083908,-0.08521775,0.045572627,-0.5019135,500,500,457,43,22.494213,1520.2358,0.1089516838689951,6.367646316362986,31,false,61.270504,1.5428370019194042,0.00641607449838301,-0.005348451,56,20,0.0376195,0,62,false,473,600112.9224398888,344.2771009191774,1743.1102,11.242784,56,285269.01598914433,273.4225293155562,1043.3267,11.713252,56,454490.7828068641,249.89985785069388,1818.6917,10.618107,1.232701,1,1.0951452,0.47046852,0.6246767,,,0,,,,NOT_AVAILABLE,129.5211252759383,-0.8257136706831855,51.91192259037607,45.99779655090582,100002,4922.9136,4828.0,5027.86,,,,,,,200111,22.754723,21.81472,23.658186,273.98492,226.33952,321.63034,http://geadata.esac.esa.int/data-server/datalink/links?ID=511219962864843904,,85,26.69865,61.33583
