i20151202csv_oid,dist,solution_id,designation,source_id,random_index,ref_epoch,ra,ra_error,dec,dec_error,parallax,parallax_error,parallax_over_error,pmra,pmra_error,pmdec,pmdec_error,ra_dec_corr,ra_parallax_corr,ra_pmra_corr,ra_pmdec_corr,dec_parallax_corr,dec_pmra_corr,dec_pmdec_corr,parallax_pmra_corr,parallax_pmdec_corr,pmra_pmdec_corr,astrometric_n_obs_al,astrometric_n_obs_ac,astrometric_n_good_obs_al,astrometric_n_bad_obs_al,astrometric_gof_al,astrometric_chi2_al,astrometric_excess_noise,astrometric_excess_noise_sig,astrometric_params_solved,astrometric_primary_flag,astrometric_weight_al,astrometric_pseudo_colour,astrometric_pseudo_colour_error,mean_varpi_factor_al,astrometric_matched_observations,visibility_periods_used,astrometric_sigma5d_max,frame_rotator_object_type,matched_observations,duplicated_source,phot_g_n_obs,phot_g_mean_flux,phot_g_mean_flux_error,phot_g_mean_flux_over_error,phot_g_mean_mag,phot_bp_n_obs,phot_bp_mean_flux,phot_bp_mean_flux_error,phot_bp_mean_flux_over_error,phot_bp_mean_mag,phot_rp_n_obs,phot_rp_mean_flux,phot_rp_mean_flux_error,phot_rp_mean_flux_over_error,phot_rp_mean_mag,phot_bp_rp_excess_factor,phot_proc_mode,bp_rp,bp_g,g_rp,radial_velocity,radial_velocity_error,rv_nb_transits,rv_template_teff,rv_template_logg,rv_template_fe_h,phot_variable_flag,l,b,ecl_lon,ecl_lat,priam_flags,teff_val,teff_percentile_lower,teff_percentile_upper,a_g_val,a_g_percentile_lower,a_g_percentile_upper,e_bp_min_rp_val,e_bp_min_rp_percentile_lower,e_bp_min_rp_percentile_upper,flame_flags,radius_val,radius_percentile_lower,radius_percentile_upper,lum_val,lum_percentile_lower,lum_percentile_upper,datalink_url,epoch_photometry_url,i20151202_oid,col1,col2
6,1.708937895270891E-4,1635721458409799680,Gaia DR2 511240200752235136,511240200752235136,853061039,2015.5,26.40758240476702,0.01595119893962189,61.13307860722991,0.018484768308141535,0.3264021633525967,0.027689038853604617,11.7881365,-1.2104012762727523,0.02724884776633908,-0.20788465503652165,0.03831737193868969,-0.37120563,0.02216063,-0.54045635,0.23610678,0.06466008,0.19870336,-0.27340564,0.039222203,-0.011973578,-0.54246765,565,565,548,17,8.351367,866.42,0.0,0.0,31,false,366.567,1.5933760339394702,0.003950918875872896,-0.03174055,64,19,0.03128734,0,68,false,601,290941.9895055879,946.1752234083433,307.4927,12.02885,64,153259.43307438662,1559.799811642759,98.25584,12.38782,64,210891.0827374987,1835.5861114984905,114.89033,11.451775,1.2516259,0,0.93604565,0.35897064,0.577075,,,0,,,,NOT_AVAILABLE,129.42684543691288,-1.053432534103607,51.5895640160247,45.89532123687117,100001,5378.05,5179.9604,5646.815,,,,,,,200111,12.179479,11.047683,13.128812,111.80246,96.16635,127.43857,http://geadata.esac.esa.int/data-server/datalink/links?ID=511240200752235136,,9,26.40792,61.13313
7,1.9697298559444564E-4,1635721458409799680,Gaia DR2 511240063313280512,511240063313280512,718471182,2015.5,26.466203797720876,0.012582725018170031,61.136809382533755,0.01362826596475336,0.3506666397568684,0.019978359960624407,17.552324,-1.108781732382497,0.021211137166365766,-0.28070309886655853,0.028259357310074826,-0.4848026,0.02470601,-0.5930866,0.278229,0.03787101,0.23867041,-0.25035572,-0.043648265,0.12570758,-0.61915267,472,0,472,0,-6.371312,297.5984,0.0,0.0,31,true,112.15195,1.6236550683905118,0.0029338759845740072,-0.03818336,54,18,0.03963065,0,61,false,502,88608.75880170446,16.421058669746774,5396.0444,13.3196745,61,50328.65436496936,61.819435903553284,814.1235,13.596849,58,57687.94818149432,33.454063140343315,1724.3928,12.859207,1.2190285,0,0.7376423,0.27717495,0.46046734,,,0,,,,NOT_AVAILABLE,129.45374493313957,-1.0438704701656258,51.62723784906201,45.884045144420455,100001,6197.0,5904.0,6752.25,,,,,,,200111,4.5893025,3.8655622,5.0561156,27.984278,23.65009,32.318466,http://geadata.esac.esa.int/data-server/datalink/links?ID=511240063313280512,,11,26.46644,61.13697
8,2.7376842795772294E-4,1635721458409799680,Gaia DR2 511193540224823040,511193540224823040,1101985245,2015.5,26.525562138338955,0.012702156320349727,61.13995656206549,0.014487496227137811,0.28447933422349714,0.021625333141853324,13.154911,-1.0832320264039432,0.02275316591905098,-0.1956226993034338,0.03163970799281832,-0.46724185,-0.08448393,-0.6183643,0.3622972,0.027657412,0.30988365,-0.3740207,0.20535126,-0.15914406,-0.6455742,498,0,496,2,-6.048877,324.2875,0.0,0.0,31,false,78.57123,1.6111016439212955,0.0029167893403766803,-0.013468712,57,17,0.043541625,0,61,false,521,62461.77889639396,14.895742019872722,4193.264,13.69933,56,34654.478578674665,39.850502388905014,869.61206,14.001989,56,41535.23118327647,35.45854927964467,1171.3743,13.2158785,1.2197813,0,0.7861109,0.30265903,0.48345184,,,0,,,,NOT_AVAILABLE,129.48110296912057,-1.0347805237377088,51.66491740756195,45.872098468764406,100001,5919.3335,5786.0,6724.6133,,,,,,,200111,5.229693,4.0521655,5.473498,30.250902,24.150185,36.35162,http://geadata.esac.esa.int/data-server/datalink/links?ID=511193540224823040,,12,26.52559,61.14023
9,1.839257852163586E-4,1635721458409799680,Gaia DR2 511240097673016704,511240097673016704,1079289217,2015.5,26.470447518128584,0.013975675066002958,61.14505417886104,0.015660599294308856,0.17007305492332436,0.022536981673076613,7.546399,-1.0853535055536732,0.023625319600733576,-0.14533050160113936,0.032778863955002284,-0.4742316,-0.09462209,-0.6317344,0.38281697,0.12622531,0.32758483,-0.33202678,0.13621357,-0.09903851,-0.6294199,508,9,507,1,7.378469,773.07715,0.11104335703452031,4.722416569697598,31,false,48.077183,1.6302945577953143,0.003221762106326161,-0.051673435,58,18,0.04411215,0,61,false,532,98717.20060331954,32.714012153219905,3017.5815,13.202384,60,56911.88998408937,68.780749884682,827.4392,13.463381,59,64392.9483371559,61.06432324650806,1054.5101,12.739824,1.2288116,0,0.7235565,0.26099682,0.4625597,,,0,,,,NOT_AVAILABLE,129.45402100695634,-1.0353795428642658,51.63582550666396,45.89008167502705,100001,6207.25,6028.4,6712.5,,,,,,,,,,,,,,http://geadata.esac.esa.int/data-server/datalink/links?ID=511240097673016704,,14,26.47065,61.14521
10,1.5683834615036048E-4,1635721458409799680,Gaia DR2 511240235111968768,511240235111968768,1117410923,2015.5,26.39984877684087,0.011007139597314962,61.15185597204413,0.012525584414744028,0.31226830570351816,0.01829004593882593,17.073128,-1.0531560830966447,0.01843795021742225,-0.19282980036125752,0.026207434014385512,-0.3085092,0.034541123,-0.5799496,0.22441818,0.06231744,0.17634033,-0.27496687,0.036522094,-0.042297367,-0.49907467,470,0,470,0,-6.0645304,302.9908,0.0,0.0,31,true,116.88359,1.612808437316323,0.0026222519061584984,-0.03828436,54,19,0.03586206,0,61,false,506,93390.16624034825,26.06313484391026,3583.2285,13.262613,57,51729.46280305221,63.38400391181573,816.12805,13.567043,57,62330.516314433735,55.09556163760012,1131.3165,12.775168,1.2213275,0,0.7918749,0.30443,0.48744488,,,0,,,,NOT_AVAILABLE,129.41927922931617,-1.0358458184781765,51.59877266890158,45.91336173631599,100001,5956.0,5781.0,6360.5063,1.865,1.595,2.06,0.938,0.8242,1.0411,200111,5.7495017,5.0414586,6.1028633,37.477783,31.33855,43.617016,http://geadata.esac.esa.int/data-server/datalink/links?ID=511240235111968768,,16,26.40017,61.15188
11,2.3091889859558386E-4,1635721458409799680,Gaia DR2 511193570280071040,511193570280071040,390305944,2015.5,26.532856989852032,0.020276562394870266,61.15532910572476,0.023120358265112998,0.3383027135053583,0.031674931086005796,10.680456,-1.0894156687349477,0.03369081084837799,-0.44861732031286117,0.04827900159585,-0.5232329,-0.04802466,-0.6563789,0.41063032,0.046224184,0.3866874,-0.41846713,0.052003406,0.005800004,-0.6230043,504,504,482,22,10.592618,883.67017,0.0,2.5666147450109E-15,31,false,370.11588,1.6306814774138676,0.00474884793071905,-0.041349344,57,18,0.03937951,0,60,false,496,370361.0633811285,126.38291681187665,2930.4678,11.766803,56,207787.89023420733,251.64723129794956,825.711,12.057338,55,242736.84276612787,159.79422027465841,1519.059,11.299081,1.2164474,0,0.7582569,0.29053497,0.46772194,,,0,,,,NOT_AVAILABLE,129.4813106275391,-1.0190114550566718,51.6805509151264,45.883511059312305,100001,5846.563,5500.0,6482.7646,,,,,,,200111,10.996424,8.944009,12.425886,127.29173,108.53551,146.04796,http://geadata.esac.esa.int/data-server/datalink/links?ID=511193570280071040,,18,26.53285,61.15556
12,1.497461645512102E-4,1635721458409799680,Gaia DR2 511240166392491008,511240166392491008,787239536,2015.5,26.443304038609213,0.017834449869112444,61.15580528975702,0.020088225842291026,0.2947726846139284,0.029235446888171847,10.082715,-1.3064001573679347,0.03093102092906742,-0.2140263405778495,0.04222406718728582,-0.42792693,-0.09461465,-0.612284,0.32383597,0.1586653,0.2921733,-0.36683643,0.168262,-0.13534392,-0.5978562,548,548,529,19,12.397569,1035.4808,0.0,0.0,31,true,375.93073,1.6176779676400428,0.004186048794201019,-0.045059934,62,18,0.035234813,0,66,false,547,337965.2686462054,470.61573637023923,718.1342,11.866185,58,191917.18738575358,663.0217373323327,289.45837,12.143603,54,219839.36015881383,970.7859786721197,226.45502,11.406656,1.2183398,0,0.73694706,0.27741814,0.45952892,,,0,,,,NOT_AVAILABLE,129.43896164671372,-1.0276072763727404,51.627561843491534,45.90602046633525,100001,6197.0,5897.62,6564.0,,,,,,,200111,10.662318,9.503366,11.772292,151.05112,126.82274,175.2795,http://geadata.esac.esa.int/data-server/datalink/links?ID=511240166392491008,,19,26.44356,61.15589
13,1.5239463159413212E-4,1635721458409799680,Gaia DR2 511241025385674752,511241025385674752,1683752575,2015.5,26.35619542670506,0.01047652008404565,61.15640043485618,0.012387494490254591,0.3386936670863156,0.018803336313482816,18.012424,-1.1055222422832256,0.01795689940366917,-0.21365892512537704,0.025387423991528466,-0.36978194,0.06981849,-0.51572126,0.25542888,-0.013647855,0.2085635,-0.27367824,0.015873576,0.016155139,-0.5492298,492,0,492,0,-7.4865627,288.2557,0.0,0.0,31,false,111.73263,1.5996093805929137,0.00271458175746672,-0.0205719,56,19,0.034897882,0,61,false,526,88029.26119848745,18.35336765226804,4796.3545,13.326798,57,47263.32063886374,53.72780621166685,879.68085,13.665077,58,60709.32828090939,42.519799150157574,1427.7897,12.8037815,1.226554,0,0.8612957,0.33827877,0.5230169,,,0,,,,NOT_AVAILABLE,129.39773029763612,-1.0357831014091283,51.57611835520578,45.928053412818336,100001,5799.4473,5497.815,6373.343,1.935,1.6279,2.3021,0.945,0.817,1.142,200111,5.449434,4.5122175,6.0637927,30.26522,25.608236,34.922203,http://geadata.esac.esa.int/data-server/datalink/links?ID=511241025385674752,,20,26.3565,61.15636
14,1.4742802115449378E-4,1635721458409799680,Gaia DR2 511241021078756096,511241021078756096,735994944,2015.5,26.345628653265244,0.017141085234176224,61.16029759871754,0.0199859296910206,0.3454889533096859,0.029599576083100078,11.6720915,-1.100492455278287,0.02838251839093769,0.004511509515018403,0.04011076668182902,-0.37790322,0.06387383,-0.56454843,0.27256566,-0.047487706,0.22988452,-0.32174683,-0.011412092,0.068991244,-0.54422957,519,519,514,5,5.487908,704.11536,0.0,0.0,31,false,267.08258,1.6026738541928875,0.004347666195754662,-0.030897336,59,19,0.032311987,0,63,true,549,189898.1875420886,39.71615397933417,4781.3843,12.4920635,59,101667.44560540788,112.35532075977403,904.8743,12.833433,58,131094.59023820187,87.00011317368498,1506.8324,11.967958,1.2257202,0,0.8654747,0.34136963,0.5241051,,,0,,,,NOT_AVAILABLE,129.3919338494459,-1.0330294469018344,51.57269674626278,45.93401218601224,100001,5778.75,5380.0,6641.575,2.0082,1.837,2.1941,1.0203,0.9132,1.1097,200111,7.9076214,5.9864793,9.12324,62.823494,54.15622,71.49077,http://geadata.esac.esa.int/data-server/datalink/links?ID=511241021078756096,,21,26.34591,61.16024
15,1.3119837040597254E-4,1635721458409799680,Gaia DR2 511240372550919424,511240372550919424,1638959291,2015.5,26.423331873985607,0.018271421345973645,61.169576179363595,0.022319050809413245,0.3896518733057319,0.030442113452899877,12.799765,-0.7332229552009975,0.0317419806151719,-0.6545487759926072,0.045739189184328205,-0.39964166,-0.013500645,-0.5840457,0.32868356,0.17417367,0.2842988,-0.34743485,0.1126962,-0.11664133,-0.60129976,480,436,465,15,15.22573,1092.4207,0.0,0.0,31,true,205.28407,1.5915924815818752,0.004677216029460081,-0.044363193,56,19,0.038011704,0,58,true,478,153362.23693978917,71.04311802745609,2158.7205,12.72407,53,82453.9253958009,146.31666000565747,563.53064,13.06086,52,105507.533377214,142.73995268579313,739.1591,12.2037115,1.2256045,0,0.8571482,0.33679008,0.5203581,,,0,,,,NOT_AVAILABLE,129.42666228831675,-1.0161527094276583,51.62580162034486,45.92278153590535,100001,5541.6665,5424.9854,5881.4473,1.926,1.7077,2.0839,0.9677,0.781,1.05,200111,6.914474,6.138631,7.215107,40.62324,35.41971,45.826775,http://geadata.esac.esa.int/data-server/datalink/links?ID=511240372550919424,,29,26.42358,61.16963
16,1.3227936231433325E-4,1635721458409799680,Gaia DR2 511240441270396032,511240441270396032,74534692,2015.5,26.403691920813554,0.011365118788761999,61.170241945075766,0.013107747981559796,0.336821576894504,0.019328999727973924,17.425713,-0.9984874427478119,0.019011960136613187,0.047815142829903554,0.026627279040188148,-0.46387008,0.1484577,-0.5425312,0.30460602,-0.0502136,0.28097734,-0.33460298,-0.0501737,0.020610943,-0.5964533,493,17,493,0,-5.4526286,336.18616,0.0,0.0,31,true,118.14,1.617148215607276,0.0027959305868832727,-0.03332436,57,20,0.03654486,0,61,false,516,93160.30046938785,18.290998460630234,5093.232,13.265288,57,52356.646970582085,66.22639066186835,790.57074,13.553959,53,61357.0641977132,56.69647640863953,1082.2024,12.792258,1.2206241,0,0.76170063,0.28867054,0.4730301,,,0,,,,NOT_AVAILABLE,129.41725963335972,-1.0174772886112857,51.61459779593218,45.92820380467497,100001,5857.96,5592.267,6328.02,1.667,1.304,2.004,0.8387,0.652,1.0218,200111,5.5161743,4.727103,6.052781,32.28169,27.285603,37.277775,http://geadata.esac.esa.int/data-server/datalink/links?ID=511240441270396032,,30,26.40396,61.17027
17,1.3336705857813866E-4,1635721458409799680,Gaia DR2 511240540042417408,511240540042417408,267490790,2015.5,26.456078223871653,0.018919924568972794,61.17274877849806,0.021390055970874886,0.30868102677614745,0.02912803693729942,10.597385,-1.012636394635288,0.0324376396057717,-0.22338196461935472,0.04406197319760208,-0.49967918,0.05089243,-0.62762576,0.38384765,0.04776203,0.35828912,-0.4248436,0.046876907,-0.03997738,-0.63822544,513,504,510,3,3.685282,630.6342,0.0,0.0,31,false,225.63097,1.6052431302113537,0.004495467867978835,-0.011550839,58,19,0.0377375,0,61,true,520,157999.2829455307,28.955362018074133,5456.6504,12.691728,58,85227.69388795643,103.09890225047552,826.65955,13.024937,56,108600.72705168124,61.53511444682671,1764.8578,12.1723385,1.2267678,0,0.8525982,0.33320904,0.51938915,,,0,,,,NOT_AVAILABLE,129.44144287459886,-1.0097499236854623,51.64763398049095,45.91742240411245,100001,5582.0,5500.0,5756.533,,,,,,,200111,8.71554,8.195056,8.977359,66.441986,56.23768,76.64629,http://geadata.esac.esa.int/data-server/datalink/links?ID=511240540042417408,,32,26.45628,61.17284
18,2.585683434564639E-4,1635721458409799680,Gaia DR2 511217106700849664,511217106700849664,1419098186,2015.5,26.573327530140872,0.019895902242014374,61.176120618424065,0.0238309527467916,0.32473514335864717,0.03211866616439329,10.11048,-2.7242666938336786,0.03442795497487748,-0.5570552490007075,0.04947637783334752,-0.50266737,0.05473087,-0.60360956,0.38012797,0.0020543498,0.35936362,-0.44270837,0.078219205,-0.03598085,-0.646552,495,495,480,15,20.243076,1410.6154,0.0,0.0,31,false,344.6882,1.3494594458595512,0.005039279656857054,-0.028124526,57,18,0.04014339,0,63,true,484,285006.2811093111,64.16370239326608,4441.8613,12.0512295,53,69782.93161246114,148.20139055982727,470.86557,13.242015,51,329304.7189389184,413.25981416100586,796.8467,10.967925,1.4002767,1,2.2740898,1.1907854,1.0833044,-57.77881600205429,2.470822210659566,15,5000.0,3.0,0.0,NOT_AVAILABLE,129.49601152220717,-0.9945739555169771,51.719919777088556,45.891403466376914,100002,3877.6301,3455.0,4542.0,1.339,1.0839,1.6031,0.6427,0.5434,0.8051,200111,30.79448,22.444574,38.789085,193.15501,163.22847,223.08156,http://geadata.esac.esa.int/data-server/datalink/links?ID=511217106700849664,,35,26.57308,61.17635
20,1.2298569385274229E-4,1635721458409799680,Gaia DR2 511240613069084032,511240613069084032,1066648361,2015.5,26.501093262893882,0.014502588969132505,61.1791612968414,0.016526362420715226,0.8168355538153106,0.02343227888173323,34.859417,2.441393790901915,0.024490460482347955,-6.37476293578965,0.033491080841155346,-0.52708066,0.103836216,-0.60507816,0.39021254,0.008119237,0.35536933,-0.38264087,-0.01113954,0.0037796686,-0.6605407,485,0,483,2,-5.1700597,334.77713,0.0,0.0,31,false,50.079357,1.465504603095551,0.003365760786659246,-0.04646057,55,19,0.045701776,0,60,false,506,39415.69705663085,7.022106607968125,5613.0874,14.199193,55,14790.306780134762,21.015421492596676,703.7835,14.926445,51,36383.24607698629,29.532852467750065,1231.9584,13.359667,1.2983038,0,1.5667782,0.727252,0.8395262,,,0,,,,NOT_AVAILABLE,129.46132256272713,-0.9989310725284142,51.67915061303676,45.91182485284616,100001,4355.7227,4274.0,4767.5,,,,,,,200111,3.1356082,2.6173441,3.256666,3.1884468,2.9514625,3.425431,http://geadata.esac.esa.int/data-server/datalink/links?ID=511240613069084032,,40,26.50116,61.17928
21,1.2974873125538982E-4,1635721458409799680,Gaia DR2 511240613069083392,511240613069083392,1047710839,2015.5,26.49761481450389,0.012958857422173049,61.180646920686165,0.01428454521735281,0.3048686234688494,0.01943080072077405,15.689967,-1.0982097189742541,0.02271014789622033,-0.2129710032016205,0.029760599714585147,-0.55924726,0.116723925,-0.6156625,0.41197044,-0.024425812,0.39430845,-0.4467456,0.037380695,-0.038152147,-0.68249726,465,0,463,2,-4.3454623,338.12463,0.0,0.0,31,true,123.13493,1.6139918517629344,0.0028472677280473482,-0.016670467,55,19,0.043992225,0,61,false,479,97381.28920278406,29.47727421443948,3303.6057,13.217177,58,53491.71661781504,62.79564542331186,851.838,13.530672,53,65584.04809230343,55.343879626496395,1185.0281,12.719924,1.2227787,0,0.8107481,0.31349468,0.49725342,,,0,,,,NOT_AVAILABLE,129.45937095610373,-0.9978305245279006,51.678172419248874,45.91395924491825,100001,5985.6665,5804.0,6343.0,,,,,,,200111,5.950529,5.298967,6.3288646,40.950195,33.792313,48.108078,http://geadata.esac.esa.int/data-server/datalink/links?ID=511240613069083392,,41,26.4977,61.18077
22,1.34462702977162E-4,1635721458409799680,Gaia DR2 511240613069082624,511240613069082624,495950536,2015.5,26.51438787066738,0.017100783461357263,61.182906432122806,0.02027307967689753,0.33437794063196064,0.031121502888772534,10.744273,-1.1306074607152665,0.030881243497816575,-0.2404707546182648,0.04357062814949997,-0.4713428,-0.002876414,-0.5266803,0.301867,0.08120979,0.26097438,-0.31057438,0.046720814,-0.0670129,-0.65883845,487,346,483,4,3.28649,586.2224,0.0,0.0,31,true,180.43575,1.6027929682171949,0.004165995474492304,-0.01937586,55,18,0.038639262,0,60,false,511,132380.2808060131,90.2599527942028,1466.6558,12.883807,58,71159.29377662191,188.90208932221566,376.69934,13.220809,57,91521.90013852638,170.87722443985257,535.60034,12.358108,1.2288929,0,0.8627014,0.3370018,0.5256996,,,0,,,,NOT_AVAILABLE,129.4668024186232,-0.9939234558463206,51.689818607258886,45.911764045442425,100001,5635.25,5409.97,6216.395,,,,,,,200111,7.209911,5.9248734,7.8228774,47.22884,39.593285,54.864395,http://geadata.esac.esa.int/data-server/datalink/links?ID=511240613069082624,,42,26.51442,61.18304
23,1.1158044532630537E-4,1635721458409799680,Gaia DR2 511240746200845312,511240746200845312,525911412,2015.5,26.439829957787875,0.020851864480308322,61.18210385488789,0.0242735270180787,0.304267541283119,0.032127639435446664,9.470585,-0.9467720420163971,0.03373538879610288,-0.6609799918456304,0.04731186962543524,-0.55350983,0.16108297,-0.66145235,0.4446701,-0.021026205,0.4215058,-0.4784217,-0.07394401,0.036730416,-0.6687743,481,472,469,12,3.630089,582.82495,0.0,0.0,31,true,313.67926,1.5843774247680504,0.00472908461544044,-0.033450052,55,19,0.0398973,0,58,false,498,225498.04581998693,73.83319386575383,3054.1553,12.305509,56,115043.54905397799,152.99328712219375,751.9516,12.699232,52,163409.13949420053,187.02393050242645,873.7338,11.728729,1.2348342,0,0.97050285,0.3937235,0.57677937,,,0,,,,NOT_AVAILABLE,129.43182488993105,-1.0022398988427264,51.6448463919741,45.929468875864316,100001,5331.4,5080.895,5687.815,,,,,,,200111,11.739943,10.314723,12.926116,100.32095,83.63609,117.00581,http://geadata.esac.esa.int/data-server/datalink/links?ID=511240746200845312,,43,26.44003,61.18216
24,1.201188408195422E-4,1635721458409799680,Gaia DR2 511264115131118464,511264115131118464,310315886,2015.5,26.534393111566438,0.011597829875107907,61.194693794102044,0.014806789013841411,0.35886645856744415,0.020813407394601365,17.24208,-1.1225913972759363,0.01995572306071625,-0.06602246559115982,0.0307035407740537,-0.4020189,0.07423942,-0.5641743,0.35448474,0.041524164,0.29924163,-0.35328066,0.038287167,-0.019963205,-0.610665,443,0,441,2,-7.776733,243.86183,0.0,0.0,31,true,97.6612,1.6059270490064133,0.0028450074462829864,-0.015552946,51,18,0.04113003,0,61,false,487,77356.42442443734,11.263592904281925,6867.8286,13.467125,41,41953.489294593994,76.3422955935405,549.5445,13.794468,38,52880.712882732056,39.966675900003914,1323.1201,12.953677,1.2259383,0,0.84079075,0.327343,0.51344776,,,0,,,,NOT_AVAILABLE,129.47375020063407,-0.9803722967534799,51.71039255069051,45.9169603541376,100001,5664.0,5163.0,5814.543,,,,,,,200111,5.0776505,4.8181257,6.110898,23.906351,20.184853,27.62785,http://geadata.esac.esa.int/data-server/datalink/links?ID=511264115131118464,,44,26.53433,61.19481
25,1.7193692833036427E-4,1635721458409799680,Gaia DR2 511217179726196352,511217179726196352,1470924493,2015.5,26.55762229145378,0.01885561751809845,61.19362687571529,0.022139877830909007,0.3159840141288286,0.03127905750451209,10.102095,-1.0738073439102516,0.03246763211606401,-0.23413274852886393,0.04681825040281822,-0.5004878,0.080766045,-0.5920451,0.3475331,-0.014741806,0.33351168,-0.38724768,0.09133998,-0.1290613,-0.6340783,515,497,508,7,5.664744,704.0789,0.0,0.0,31,true,216.7199,1.6253003889920363,0.004476966187687502,-0.03158746,58,18,0.038317997,0,64,false,524,156494.69907411578,28.72366730714586,5448.284,12.702117,60,88043.6362860251,132.0468392606477,666.7606,12.989643,55,102736.88311295309,74.0747525617987,1386.9352,12.232604,1.2190862,0,0.75703907,0.28752613,0.46951294,,,0,,,,NOT_AVAILABLE,129.48491830045552,-0.9790579582404466,51.72343245810602,45.91031890314648,100001,5857.6333,5546.6665,6329.975,1.8753,1.5554,2.0291,0.9483,0.7673,1.0261,200111,7.6218305,6.52679,8.500403,61.617203,51.876785,71.35762,http://geadata.esac.esa.int/data-server/datalink/links?ID=511217179726196352,,46,26.55746,61.19378
26,1.0583534182215614E-4,1635721458409799680,Gaia DR2 511240819227509120,511240819227509120,1649678505,2015.5,26.405690984345753,0.0201350782002215,61.1964381179992,0.024101421859872865,0.34954421594677904,0.03347381215244861,10.442319,-1.184898885981872,0.03480820096981003,-0.21720956056507218,0.04930192292843446,-0.52209085,0.12068778,-0.5621204,0.3894375,-0.06641501,0.37652004,-0.45582247,-0.015687209,0.020079153,-0.65010756,450,450,447,3,1.3992195,484.21185,0.0,0.0,31,true,252.68361,1.5877821606300984,0.005105250414441051,-0.03209562,51,19,0.03975504,0,54,true,476,176064.36318923216,85.09770381421433,2068.9673,12.574187,53,89567.29855358409,188.3999439108123,475.41043,12.971014,53,127984.6016610467,209.4425440602445,611.07263,11.994025,1.2356385,0,0.9769888,0.39682674,0.58016205,,,0,,,,NOT_AVAILABLE,129.4127399942362,-0.9916558425729649,51.63508661199449,45.9502072644277,100001,5181.3174,4987.5,5400.6665,,,,,,,200111,9.668834,8.899381,10.43491,60.7021,51.718937,69.68526,http://geadata.esac.esa.int/data-server/datalink/links?ID=511240819227509120,,48,26.40591,61.19643
28,1.1232377532034018E-4,1635721458409799680,Gaia DR2 511264115126402176,511264115126402176,1225018513,2015.5,26.529046237117182,0.042639799257775474,61.197529041340175,0.037646405043037415,0.30029315756557845,0.053560464526161894,5.60662,-1.0043839825268555,0.05992206147685867,-0.22512998455959185,0.0689692856956182,-0.47398442,0.20196506,-0.7513924,0.23305227,0.051051915,0.27767146,-0.32445863,-0.2169565,0.003789511,-0.504174,256,256,250,6,5.2866354,380.7507,0.0,0.0,31,true,270.24155,1.6034355788101957,0.008332229678587162,-0.07039284,29,12,0.05159266,0,31,true,268,1409380.8240466,312.4183133083812,4511.1978,10.315795,28,740420.8044714594,655.1699155836988,1130.1202,10.677691,31,974909.1932771124,958.0637032286527,1017.5828,9.78951,1.2170806,1,0.8881817,0.3618965,0.5262852,,,0,,,,NOT_AVAILABLE,129.470634693955,-0.9781425304678898,51.7092955545734,45.92071441854245,100002,5767.9434,5484.0,6262.3633,1.575,1.1346,2.0941,0.696,0.5257,1.002,200111,24.88624,21.111774,27.53001,617.5857,468.80508,766.36633,http://geadata.esac.esa.int/data-server/datalink/links?ID=511264115126402176,,50,26.52901,61.19764
29,7.229785961539865E-5,1635721458409799680,Gaia DR2 511240681788554624,511240681788554624,902288943,2015.5,26.474683782427864,0.01242262498084076,61.19802892930465,0.015230148122873991,0.2549591429392837,0.022250528643834498,11.458566,-1.1225622500477983,0.021208466641753063,-0.31892247689247555,0.030935146217946012,-0.52714,-0.06690009,-0.52392006,0.3059308,0.18124832,0.27085316,-0.3023474,-0.072587654,0.07336997,-0.6560926,473,0,472,1,-5.846888,309.62546,0.0,0.0,31,false,95.78065,1.5997693398494797,0.0029676133374863228,-0.048248217,54,18,0.041307468,0,59,false,499,75097.64588668136,11.087171687751928,6773.382,13.4993,53,40523.11830565379,47.05665947818761,861.1559,13.832131,49,51658.838484492095,45.573372100463764,1133.5311,12.979058,1.2274946,0,0.8530731,0.33283138,0.52024174,,,0,,,,NOT_AVAILABLE,129.4449185337583,-0.9831524673708775,51.67731386262102,45.934548047349104,100001,5572.01,5436.5435,5764.0,,,,,,,200111,7.304128,6.8256526,7.672668,46.331776,35.695816,56.967735,http://geadata.esac.esa.int/data-server/datalink/links?ID=511240681788554624,,51,26.47479,61.19808
30,8.209361980565125E-5,1635721458409799680,Gaia DR2 511240887946984320,511240887946984320,26770531,2015.5,26.471872391836254,0.01287970133083836,61.1994005937829,0.014808445416259575,0.3168835856427408,0.020671585739465252,15.329428,-1.088137398895033,0.022159019932477174,-0.23137224591705285,0.030984190610187107,-0.5437573,0.08561621,-0.58720386,0.39576253,0.043788772,0.37036598,-0.4100247,-0.03581771,0.019982463,-0.67358255,442,9,442,0,-4.95244,305.80524,0.0,0.0,31,false,126.90686,1.5937495909785977,0.0028612304604787534,-0.04000597,51,18,0.043196138,0,57,true,459,98875.80249777321,15.996854845512031,6180.9526,13.200641,50,53084.97508354079,62.51130247517058,849.20605,13.5389595,45,68377.44906443835,50.40428903440061,1356.58,12.674638,1.2284343,1,0.8643217,0.33831882,0.5260029,,,0,,,,NOT_AVAILABLE,129.44330652328017,-0.9820950209933332,51.676650708171344,45.936419757400316,100002,5745.0,5400.0,6182.0947,1.7915,1.6442,2.01,0.889,0.6856,1.0141,200111,6.301097,5.441579,7.1319566,38.966118,32.204803,45.727432,http://geadata.esac.esa.int/data-server/datalink/links?ID=511240887946984320,,52,26.47199,61.19946
31,9.24663416888903E-5,1635721458409799680,Gaia DR2 511241265903790720,511241265903790720,806269376,2015.5,26.359547813606596,0.011039402799714715,61.19987909582412,0.013222459788875252,0.383527193746965,0.01826415426991472,20.998903,-1.1799360858962806,0.019439779170459286,0.020327970504757247,0.02702751617571912,-0.4400861,-0.019338869,-0.54692525,0.30156225,0.036566786,0.27059942,-0.3471899,0.07223622,-0.023278585,-0.5960693,477,0,476,1,-7.087624,284.7606,0.0,0.0,31,true,104.335754,1.5969908773642314,0.0027434022121007617,-0.0066328617,54,19,0.038470604,0,57,false,485,81244.08119706782,23.582521874747187,3445.0972,13.413886,56,43078.52731413507,77.43691374656079,556.3048,13.765736,53,57142.36066460171,64.59759146391585,884.58966,12.869525,1.2335777,0,0.8962107,0.35184956,0.5443611,,,0,,,,NOT_AVAILABLE,129.39027636370218,-0.9929174721935554,51.61016624882654,45.964557103708216,100001,5445.85,5137.25,5739.0522,,,,,,,200111,5.320656,4.7908897,5.9790907,22.433023,19.443878,25.422169,http://geadata.esac.esa.int/data-server/datalink/links?ID=511241265903790720,,53,26.35973,61.19985
34,9.529916754904575E-5,1635721458409799680,Gaia DR2 511264115131117952,511264115131117952,879538172,2015.5,26.534496910379737,0.018680730521405436,61.20412031636354,0.02289785222404353,0.3021563535717822,0.03207130129235584,9.421393,-1.0101263695941012,0.03344689225995075,-0.1495267970778702,0.0494474331156893,-0.40057656,0.03621247,-0.5284583,0.33044678,-0.026817556,0.3051456,-0.40822855,0.08039247,-0.024801064,-0.559122,424,424,417,7,1.1487188,445.15964,0.0,0.0,31,true,291.3938,1.5998757043231204,0.005054357312912605,-0.015086356,48,18,0.03862219,0,58,true,444,203139.96106405836,42.62353233313228,4765.911,12.418878,50,110633.5518168704,200.3836880442015,552.1086,12.741671,47,137882.5836656161,87.89554730101642,1568.7096,11.913146,1.2233739,0,0.8285246,0.322793,0.5057316,,,0,,,,NOT_AVAILABLE,129.4718151287827,-0.9711463330948119,51.71738651464795,45.925034399655566,100001,5661.75,5504.4507,5774.3335,1.844,1.4697,2.0059,0.927,0.765,1.028,200111,9.781283,9.403585,10.348306,88.57051,73.8369,103.30412,http://geadata.esac.esa.int/data-server/datalink/links?ID=511264115131117952,,60,26.53443,61.20421
35,1.0302847197897334E-4,1635721458409799680,Gaia DR2 511264149490855808,511264149490855808,1620754608,2015.5,26.54046654815067,0.018657796732357294,61.20595806369092,0.021898330289841877,0.3005332234161247,0.02944745501647085,10.205746,-1.1280718427662846,0.03303621885816887,-0.1870554691084548,0.04620092670191983,-0.48319656,0.05722148,-0.5846257,0.3749379,0.067036994,0.35352635,-0.4199827,0.09493806,-0.09504488,-0.64818424,472,429,463,9,4.9728794,624.7746,0.0,0.0,31,true,224.06734,1.6111630365428926,0.004649401810325398,-0.017236823,53,19,0.03982171,0,58,true,496,159652.24663245433,404.73787682074607,394.45837,12.6804285,48,88457.71899346446,643.3678981494265,137.49165,12.984549,47,106976.82052111448,1006.3338088145962,106.30351,12.188696,1.2241265,0,0.79585266,0.30412006,0.4917326,,,0,,,,NOT_AVAILABLE,129.47423968377203,-0.9687445299621545,51.722289967545755,45.92514236342002,100001,6022.0,5781.0,6564.28,1.9933,1.618,2.1571,0.9797,0.7779,1.0886,200111,7.630852,6.4221487,8.280348,68.992805,57.785282,80.200325,http://geadata.esac.esa.int/data-server/datalink/links?ID=511264149490855808,,61,26.54037,61.20605
36,7.577809362981632E-5,1635721458409799680,Gaia DR2 511264183850594432,511264183850594432,1293163964,2015.5,26.514739596259112,0.011789729422448545,61.20504422215591,0.014240749504668368,0.32958549874404974,0.020533950278888196,16.05076,-0.9400405831600755,0.02025459242436916,-0.23005783381212966,0.030756586406163678,-0.34167743,0.04904521,-0.52255017,0.32636818,0.14305143,0.28526974,-0.32652515,0.09366315,-0.17587383,-0.5651418,412,0,410,2,-8.109266,214.83334,0.0,0.0,31,true,98.12187,1.5898672134109464,0.0030320819900892626,-0.022316245,47,16,0.041010745,0,60,false,448,76874.36103283093,18.560118743776012,4141.911,13.473912,39,40538.23117688183,65.32660958158502,620.547,13.831726,38,53970.83334429699,47.930189040724,1126.03,12.931522,1.2293965,0,0.9002037,0.35781384,0.54238987,,,0,,,,NOT_AVAILABLE,129.46231550156185,-0.9722443421173452,51.70631085902643,45.93069776675282,100001,5471.5,5010.5503,6207.7,,,,,,,200111,5.9579926,4.628618,7.1046376,28.662909,23.849718,33.476097,http://geadata.esac.esa.int/data-server/datalink/links?ID=511264183850594432,,62,26.51474,61.20512
37,2.4802557300734516E-4,1635721458409799680,Gaia DR2 511217282805390464,511217282805390464,627619714,2015.5,26.606689421387166,0.0184974775499592,61.20899793401235,0.023010114397183735,0.3707582131839284,0.03142902859081894,11.79668,-1.4271800647822108,0.03263365872710961,-0.31112442892232317,0.04685405289535782,-0.38935518,-6.910369E-4,-0.58342457,0.31856808,0.015318955,0.2504359,-0.33979827,0.08932299,0.051180113,-0.60909086,451,451,447,4,3.7567177,562.5847,0.0,2.6901064090924424E-15,31,false,309.38202,1.6222297168490236,0.005309104228118184,-0.031558532,51,17,0.037376225,0,60,false,463,217331.56342154826,34.89355032223469,6228.4165,12.345559,54,120684.2624161761,188.75926986725793,639.3554,12.647262,50,144698.23492579427,72.58268653774554,1993.5641,11.860762,1.2210951,0,0.7865,0.3017025,0.48479748,,,0,,,,NOT_AVAILABLE,129.5047797800472,-0.9590423371816778,51.76392408571253,45.91144407615027,100001,5912.6665,5798.0,6340.033,,,,,,,200111,7.5030127,6.525584,7.80272,61.98686,53.69587,70.27785,http://geadata.esac.esa.int/data-server/datalink/links?ID=511217282805390464,,67,26.60623,61.20911
38,4.627079531672763E-5,1635721458409799680,Gaia DR2 511241643860897024,511241643860897024,838807865,2015.5,26.35364752092877,0.013084807954748133,61.21259875974938,0.015158949527896762,0.9913472225880663,0.02081906576203126,47.617275,-3.0192437562785264,0.022760969055708048,-4.869257091562356,0.030689777793762984,-0.49259946,0.10223277,-0.575101,0.35199124,-0.08128519,0.3205517,-0.39589134,0.02852226,0.024231292,-0.62380564,460,0,460,0,-8.270263,247.89272,0.0,0.0,31,false,68.18637,1.4844614076928009,0.0032950037939086046,-0.028792901,52,19,0.043003157,0,55,false,483,52944.15937308997,10.279252309411987,5150.5845,13.87882,52,21752.6633097706,30.47802249233051,713.7164,14.507607,53,45889.76437097145,39.51533926216235,1161.3152,13.107631,1.2776183,1,1.3999767,0.62878704,0.7711897,,,0,,,,NOT_AVAILABLE,129.384853118791,-0.9810657412107958,51.61604115074978,45.9769342522661,100002,4476.26,4406.61,4678.033,,,,,,,200111,2.76114,2.5280893,2.849114,2.7576094,2.6021817,2.913037,http://geadata.esac.esa.int/data-server/datalink/links?ID=511241643860897024,,68,26.3537,61.21256
39,6.2046224185408E-5,1635721458409799680,Gaia DR2 511264183850593792,511264183850593792,1379267616,2015.5,26.497122484141652,0.019157446998682114,61.2126723271177,0.02298945394048205,0.3379360065617801,0.030937847734495837,10.923061,-0.970739287891558,0.03212808545658273,-0.3180941605065627,0.046561522390054164,-0.5453789,0.062255148,-0.5805955,0.37320006,0.0784919,0.3739809,-0.42108068,0.067446545,-0.12854376,-0.6562002,491,491,479,12,4.291888,618.0102,0.0,0.0,31,true,332.2023,1.5786729819798708,0.004702064856667681,-0.030339016,56,17,0.038345095,0,64,true,531,1269921.105398949,4074.5204363206017,311.67377,10.428924,55,641223.005554107,4762.27274669518,134.64642,10.833865,59,909641.3223094958,10815.723759558623,84.1036,9.864744,1.2212288,0,0.969121,0.40494156,0.5641794,,,0,,,,NOT_AVAILABLE,129.45241662983886,-0.9665681752462724,51.70144406490565,45.94159375542155,100001,5366.0,5337.75,5731.645,,,,,,,200111,24.706348,21.65466,24.968557,455.94717,389.71896,522.1754,http://geadata.esac.esa.int/data-server/datalink/links?ID=511264183850593792,,69,26.49717,61.21273
40,6.180095651359993E-5,1635721458409799680,Gaia DR2 511240922306718208,511240922306718208,135208261,2015.5,26.48375157295524,0.01809634182989817,61.212577716753735,0.020605065413106596,0.32988979231542637,0.02813181082116347,11.726575,-1.0169356795131061,0.03331318372086674,-0.23001597384707956,0.04395732122194365,-0.40189937,-0.025633687,-0.56434596,0.29153672,0.09778659,0.26425952,-0.3833328,0.1465623,-0.124133855,-0.60578084,487,487,461,26,5.583736,645.42377,0.0,0.0,31,true,384.81506,1.5634102786953759,0.004665387258319516,1.2955314E-4,57,19,0.03731947,0,63,false,517,443045.9761709644,1248.8695972800306,354.7576,11.572244,56,212224.1709918889,1498.4086083181182,141.63304,12.034401,57,337258.882706432,2896.3735365058005,116.44178,10.942012,1.2402394,0,1.0923891,0.46215725,0.63023186,,,0,,,,NOT_AVAILABLE,129.44613994027858,-0.9680113753242102,51.69342036113605,45.944809054300904,100001,5027.4595,4975.5947,5193.404,,,,,,,200111,17.511766,16.410543,17.87875,176.50172,151.82733,201.17612,http://geadata.esac.esa.int/data-server/datalink/links?ID=511240922306718208,,70,26.48382,61.21263
41,6.861847454433848E-5,1635721458409799680,Gaia DR2 511264183845870720,511264183845870720,21586463,2015.5,26.49966716787615,0.024868131333037856,61.21424322766722,0.029768306266099522,0.41705058369983394,0.04240824042904171,9.8341875,-0.9187028711212721,0.042942678428376645,-0.45422969619670617,0.06345761751132298,-0.47216183,-0.085319236,-0.6013478,0.37376264,-0.06298563,0.36789104,-0.507067,0.08163879,-0.010793104,-0.6213427,342,342,340,2,-0.1475404,330.53433,0.0,1.5447950124742079E-15,31,true,288.7524,1.5710658379573645,0.006622709495373939,-0.05588184,39,15,0.04680833,0,45,true,356,917203.8192595799,175.18534666743926,5235.6196,10.782201,37,453815.99648137996,287.793417325318,1576.8811,11.209188,39,672857.0389360588,353.66588360937277,1902.5217,10.192113,1.228378,1,1.0170755,0.42698765,0.5900879,,,0,,,,NOT_AVAILABLE,129.4532851265511,-0.9647750691757973,51.70411427914968,45.94231588971996,100002,5345.055,5199.18,5400.0,,,,,,,200111,17.170412,16.822773,18.14744,216.80283,185.11925,248.4864,http://geadata.esac.esa.int/data-server/datalink/links?ID=511264183845870720,,71,26.4997,61.21431
42,2.096977072726064E-4,1635721458409799680,Gaia DR2 511217351524857856,511217351524857856,743108310,2015.5,26.596815322705424,0.011569059432064635,61.215883299459115,0.014533194967075645,0.35670889824778973,0.019588193006402358,18.210403,-1.1144124536413091,0.020058757491018077,-0.2376965663392995,0.029621284605902517,-0.48320463,0.037626315,-0.5948119,0.36587998,0.05681258,0.3517404,-0.4539151,0.05742257,-0.047032043,-0.63327885,494,0,494,0,-9.056486,256.50378,0.0,0.0,31,true,99.13249,1.5923168529611367,0.0027109898798039407,-0.0010494603,56,18,0.04159268,0,61,false,512,77955.03376375465,11.05939853451015,7048.759,13.4587555,47,41275.90512208349,66.06607301404246,624.767,13.812146,44,54533.148437475924,32.59437246353537,1673.0848,12.920269,1.2290298,0,0.8918772,0.3533907,0.5384865,,,0,,,,NOT_AVAILABLE,129.49867552866257,-0.953318106581252,51.76310953735733,45.919792559894205,100001,5459.75,5070.0,6306.0,,,,,,,200111,5.570927,4.176044,6.4603653,24.845098,21.112972,28.577225,http://geadata.esac.esa.int/data-server/datalink/links?ID=511217351524857856,,72,26.59641,61.21596
43,7.023742515793449E-5,1635721458409799680,Gaia DR2 511241712580840448,511241712580840448,1582869391,2015.5,26.415064151120998,0.017137782523635816,61.21642123302678,0.02198824963623969,0.31867574565155155,0.029938580001003537,10.644318,-1.1224110826541973,0.03113718835542841,-0.17641767129851577,0.048015756502754386,-0.3970441,-0.06952433,-0.5348988,0.28452224,0.13768424,0.27757892,-0.41790292,0.10590695,-0.11063248,-0.59144866,468,459,462,6,1.7881697,512.5005,0.0,0.0,31,true,340.17615,1.5720108519840468,0.004428942557205614,-0.012168957,53,18,0.038423914,0,55,true,484,239960.77969624306,196.3293388897904,1222.236,12.238015,54,119446.26909276603,302.7054066353579,394.59576,12.658457,53,179436.79646355275,459.49173253340024,390.51147,11.627141,1.2455497,0,1.0313158,0.42044163,0.6108742,,,0,,,,NOT_AVAILABLE,129.4129876490531,-0.9711705916575872,51.655393894505856,45.96505331487365,100001,5148.8267,5023.7246,5288.98,,,,,,,200111,12.572867,11.915356,13.206849,100.09133,84.92251,115.260155,http://geadata.esac.esa.int/data-server/datalink/links?ID=511241712580840448,,73,26.41521,61.21642
44,4.94633324720943E-5,1635721458409799680,Gaia DR2 511264218210331008,511264218210331008,607905333,2015.5,26.510057165015986,0.02194068855239066,61.22065065709614,0.027639690203772074,0.3258232306707493,0.034401670247429135,9.471146,-1.1439672191186063,0.03617431834845621,-0.26615941917965796,0.05208974706106582,-0.6140747,-0.014023019,-0.57120955,0.37675357,0.173783,0.36000904,-0.41433802,-0.08221635,0.06291972,-0.69705385,455,455,441,14,8.322051,729.86945,0.0,0.0,31,true,386.52515,1.5854772139233555,0.004971825612542662,-0.003643853,51,17,0.042024568,0,58,false,456,372520.23115759273,107.14394133773139,3476.8203,11.760491,45,194989.74997501273,237.1434108189097,822.244,12.126359,46,261873.38150810794,179.9456928726951,1455.2911,11.216692,1.2264116,1,0.909667,0.3658676,0.5437994,,,0,,,,NOT_AVAILABLE,129.45683124714387,-0.957460003127241,51.715011486608624,45.945259147255015,100002,5474.0,5138.16,5991.9326,2.161,1.8856,2.4526,1.095,0.9416,1.247,200111,13.253044,11.060924,15.042151,142.084,119.10554,165.06247,http://geadata.esac.esa.int/data-server/datalink/links?ID=511264218210331008,,75,26.51005,61.2207
45,2.7283970539281077E-4,1635721458409799680,Gaia DR2 511217660762493568,511217660762493568,461441555,2015.5,26.61796255336389,0.010618503396747298,61.22284929705805,0.012903616675759446,0.29984189922185583,0.017794852141591235,16.849924,-0.9290960651653861,0.01908005784968005,-0.2573471616741223,0.027354947940709605,-0.49079466,-0.016532334,-0.5370266,0.33880645,0.046845313,0.31653503,-0.36594722,0.10663407,-0.06772205,-0.62496823,502,0,501,1,-4.90921,356.3547,0.0,0.0,31,true,119.4582,1.558445285149642,0.0025621944913825144,-0.007675289,58,19,0.03929502,0,62,false,527,94050.7440017092,19.106443646947696,4922.462,13.25496,49,46721.84501680754,66.68714767558868,700.6124,13.677588,45,69901.99047894981,42.26502061011713,1653.897,12.650696,1.2400097,1,1.0268927,0.4226284,0.60426426,,,0,,,,NOT_AVAILABLE,129.5071542272045,-0.9443560042165522,51.7808073547587,45.92057417888913,100002,5141.3335,5102.5,5232.013,,,,,,,200111,8.395642,8.107142,8.523921,44.371655,36.93979,51.80352,http://geadata.esac.esa.int/data-server/datalink/links?ID=511217660762493568,,78,26.61741,61.22291
46,1.9823894348938687E-4,1635721458409799680,Gaia DR2 511217351524847360,511217351524847360,413754456,2015.5,26.59136961279668,0.01741822187844201,61.224193155483235,0.020920359866761065,0.28409639212216925,0.028465783011587018,9.980277,-1.310958517261311,0.031012381700386293,-0.16226346676925993,0.044443681554212355,-0.4506956,0.021456067,-0.54105747,0.35071555,0.09510374,0.31731606,-0.32905623,0.08655046,-0.09696251,-0.59432757,522,522,492,30,13.430806,1036.8164,0.0,0.0,31,false,383.50836,1.6092519566855958,0.004542500311142744,-0.027565552,59,19,0.03663628,0,64,false,515,478580.54435436986,208.7253182455715,2292.8726,11.488478,59,258421.64744090344,381.92387480782844,676.6313,11.820566,56,322484.6330898516,211.92718514597104,1521.6765,10.990647,1.2138109,0,0.82991886,0.33208847,0.4978304,,,0,,,,NOT_AVAILABLE,129.49435617195334,-0.9457500198412592,51.765978956090215,45.928274519393725,100001,5786.0,5607.5,5992.0,,,,,,,200111,15.224631,14.195805,16.20933,234.0464,195.76855,272.32425,http://geadata.esac.esa.int/data-server/datalink/links?ID=511217351524847360,,79,26.59099,61.22427
47,3.973548841393275E-5,1635721458409799680,Gaia DR2 511241845712465664,511241845712465664,1541128349,2015.5,26.331621104845894,0.018761537427449505,61.224197840980324,0.022467136304434848,0.331349794101195,0.030390694031841973,10.903002,-1.1773369865434486,0.033796369984088116,-0.13764867468326197,0.04674550551493408,-0.46540874,0.019470762,-0.55686414,0.35706562,-0.022892302,0.3317926,-0.4272823,0.04655052,-0.008652758,-0.6305896,453,444,445,8,1.7620499,493.6479,0.0,0.0,31,false,260.12698,1.5967348732566398,0.005044701489516539,-0.013774529,52,19,0.038885087,0,55,true,468,181365.21678767452,55.27024680140857,3281.4258,12.541981,53,95041.62369044978,134.88594163044652,704.60736,12.906604,52,128204.57259229258,152.18990833788905,842.3986,11.992161,1.2309207,0,0.914443,0.36462307,0.54981995,,,0,,,,NOT_AVAILABLE,129.37206979742547,-0.9719201872027868,51.611503958643816,45.99233125360729,100001,5527.6826,5042.94,6557.0728,1.9987,1.5039,2.3765,1.0135,0.7819,1.155,200111,8.893089,6.3200254,10.684919,66.52309,56.729004,76.31717,http://geadata.esac.esa.int/data-server/datalink/links?ID=511241845712465664,,80,26.33168,61.22417
48,7.478622459897452E-5,1635721458409799680,Gaia DR2 511264218210327424,511264218210327424,216539232,2015.5,26.525547510670457,0.01858972345590044,61.22755518436103,0.02308799813858085,0.3224062620899852,0.033866575084237176,9.519896,-1.2321211845521534,0.03481092820711724,-0.23598335923942737,0.049859446912554166,-0.44666222,-0.018663015,-0.4837788,0.32261303,0.09744856,0.2852525,-0.3076858,0.11744578,-0.17942,-0.6349695,492,492,453,39,14.126312,1016.68176,0.0,0.0,31,true,381.9554,1.550615708245908,0.005171222216326678,0.0028349322,56,17,0.038924348,0,63,false,520,652997.49826412,1622.3842474297555,402.4925,11.151087,50,304279.508955016,2144.1515338528106,141.91138,11.643207,49,504335.64596873196,3806.574900429325,132.49066,10.505121,1.2383128,0,1.1380854,0.4921198,0.6459656,,,0,,,,NOT_AVAILABLE,129.46267108944687,-0.949142410876471,51.729307003758976,45.947373490711136,100001,4896.75,4817.8335,4965.5,,,,,,,200111,23.273321,22.63332,24.042004,280.57126,235.19414,325.94836,http://geadata.esac.esa.int/data-server/datalink/links?ID=511264218210327424,,81,26.52547,61.22762
49,5.28150320986896E-5,1635721458409799680,Gaia DR2 511264218210327296,511264218210327296,874242278,2015.5,26.52040135626252,0.04107197605531292,61.228274559318905,0.05083852359222704,0.42022455935755104,0.059019778132180546,7.1200633,-0.6182056796605718,0.065572322978756,-0.37703442045613417,0.0944007532276487,0.019824972,-0.20903797,-0.748218,0.004043563,-0.024614535,-0.012922538,-0.6172224,0.2556849,-0.0053063026,-0.32118857,254,254,254,0,-0.46023586,238.2221,0.0,8.960891209418259E-16,31,true,190.94426,1.543094337595589,0.007829051461667402,0.005881158,29,10,0.060733076,0,33,true,275,6536792.9917015955,3605.3193682842916,1813.0968,8.649954,32,3094212.500030869,4761.4511465996275,649.84656,9.125012,32,5021125.670639215,7735.624976077676,649.0911,8.009917,1.2414862,0,1.1150951,0.47505856,0.6400366,81.75791259553027,1.838785860335093,9,5500.0,4.5,0.0,NOT_AVAILABLE,129.46009787076372,-0.9489599299577833,51.72677627031599,45.949259390014504,100001,4983.6665,4899.25,5174.0,,,,,,,200111,53.989773,50.09064,55.866344,1619.9948,1319.6138,1920.3757,http://geadata.esac.esa.int/data-server/datalink/links?ID=511264218210327296,,83,26.52032,61.22831
50,1.1969754485809365E-4,1635721458409799680,Gaia DR2 511264252570065024,511264252570065024,419641886,2015.5,26.55843669700014,0.013369037330664017,61.22884126971569,0.016685183062113133,0.30995767019509635,0.024727528344242928,12.534924,-1.0656649179956876,0.024677968358323858,-0.15874121666222765,0.03565350897188258,-0.43484294,-0.044215076,-0.52703834,0.31829724,0.13936302,0.2810486,-0.34602314,0.13581046,-0.19140741,-0.64209193,478,152,473,5,0.77020776,491.27258,0.0,0.0,31,true,156.93927,1.567014940863838,0.003399685320170747,0.004659187,54,17,0.039518632,0,59,false,501,120463.17092897907,61.80947423301943,1948.9435,12.98623,55,60206.04212073671,116.73940320442124,515.7302,13.402288,52,89363.48409997142,115.18590657658152,775.8196,12.38402,1.2416204,0,1.0182686,0.41605854,0.60221004,,,0,,,,NOT_AVAILABLE,129.47787782373865,-0.9445521178124346,51.749812107320004,45.9403772017956,100001,5202.6665,5106.54,5325.0,,,,,,,200111,8.929556,8.523984,9.268904,52.633034,43.4947,61.771366,http://geadata.esac.esa.int/data-server/datalink/links?ID=511264252570065024,,84,26.55822,61.2289
51,2.7452162608760424E-4,1635721458409799680,Gaia DR2 511217660762484096,511217660762484096,1087122047,2015.5,26.619252111279586,0.01807752868268962,61.23067105237745,0.02132861103226265,0.3187919214129676,0.02982170593239485,10.689929,-1.3354874097616343,0.03173383682185427,-0.2873266626219004,0.04469285145697528,-0.45752624,-0.04941282,-0.57781446,0.33403227,0.032762907,0.3116735,-0.40779307,0.06495893,-0.026196124,-0.61168236,499,499,497,2,4.7545695,655.9154,0.0,0.0,31,true,253.04424,1.600564759815253,0.004640922832471101,-0.030437132,57,19,0.03678395,0,62,true,526,177225.84305898493,71.76317932598131,2469.593,12.567048,55,93755.05797853782,183.35061684774655,511.34302,12.921401,53,124112.1762301793,162.48470741256924,763.8391,12.027384,1.2293198,0,0.8940172,0.35435295,0.53966427,,,0,,,,NOT_AVAILABLE,129.5061048422285,-0.936580128756217,51.787322683503476,45.926979230770215,100001,5430.6665,5070.0,6120.7007,,,,,,,200111,9.515205,7.490696,10.917131,70.94856,60.288383,81.60874,http://geadata.esac.esa.int/data-server/datalink/links?ID=511217660762484096,,87,26.6187,61.23074
52,2.377390840185964E-4,1635721458409799680,Gaia DR2 511217729481958400,511217729481958400,563182023,2015.5,26.60983888487337,0.020597668948018955,61.2327316394095,0.024769765209013046,0.3713967720155446,0.03650008669754981,10.17523,-1.200359598474915,0.035376638000684205,-0.0709622320209054,0.050846715506632945,-0.48026985,0.09914864,-0.58701235,0.37025523,0.021762488,0.34409264,-0.38984215,0.065812804,-0.0779147,-0.62599,448,448,447,1,0.53005826,457.26553,0.0,0.0,31,true,229.54085,1.5960633456580813,0.004989480426886866,0.025614591,51,16,0.039251525,0,58,false,474,161442.6911197237,55.61085227797419,2903.0789,12.66832,51,85378.22433866204,137.11949156474952,622.65564,13.023021,49,113417.188548702,109.64838590222433,1034.3717,12.125223,1.2313683,0,0.8977976,0.35470104,0.54309654,,,0,,,,NOT_AVAILABLE,129.50124041786952,-0.9355250210763719,51.783239861824896,45.93106641614927,100001,5461.915,5195.283,6218.0176,1.938,1.5534,2.1301,0.9757,0.7745,1.078,200111,7.6929874,5.935824,8.502888,47.453094,40.442535,54.463654,http://geadata.esac.esa.int/data-server/datalink/links?ID=511217729481958400,,88,26.60936,61.23279
53,2.5663101274124684E-5,1635721458409799680,Gaia DR2 511264424368755584,511264424368755584,1006191979,2015.5,26.483806138946854,0.018818482182354077,61.23480704900195,0.02350433871472843,0.3433855780077409,0.032227627219111765,10.655006,-1.0634602197494465,0.0359418873973729,-0.22321746095007994,0.05150862047141457,-0.3927214,-0.04052085,-0.5153363,0.3123299,0.1771947,0.26769492,-0.31914824,0.18096738,-0.19061747,-0.6423434,472,472,467,5,-1.051873,430.12183,0.0,0.0,31,true,202.20094,1.5405502685291372,0.005070060930117834,-0.0068312213,53,18,0.040916298,0,57,true,493,6739981.071836108,3646.3623284820687,1848.4124,8.616719,53,2980911.1009086487,4914.816374578406,606.51526,9.165516,55,5399338.820702558,9585.597699772883,563.2762,7.9310684,1.243364,0,1.2344475,0.54879665,0.6856508,,,0,,,,NOT_AVAILABLE,129.44150415808434,-0.946270643446191,51.7098270053353,45.96388882533866,100001,4921.96,4800.56,5114.0,,,,,,,200111,69.272446,64.16751,72.820366,2537.2778,2164.6704,2909.8853,http://geadata.esac.esa.int/data-server/datalink/links?ID=511264424368755584,,91,26.48383,61.23483
54,2.1409404980764514E-4,1635721458409799680,Gaia DR2 511217725176130048,511217725176130048,1616741577,2015.5,26.600937096154013,0.01765979759942128,61.23384011637248,0.02111794626469827,0.3467891543396106,0.028418996774417407,12.2027235,-1.1120543889494112,0.030756732852222007,-0.15029346743284322,0.04442234658210398,-0.47905263,-0.048832253,-0.573164,0.36741018,0.108715676,0.33836177,-0.37432095,0.099994704,-0.114676796,-0.6098839,485,458,479,6,2.1834536,543.7252,0.0,1.3166102650418438E-15,31,false,220.15015,1.59756298513885,0.004393844525391136,-0.013005645,55,19,0.037588596,0,59,true,485,155833.25511586238,26.291043662550045,5927.2373,12.706716,52,81968.65700058699,108.08285096836728,758.38727,13.067268,49,109695.31401421843,64.6960687754545,1695.5483,12.161449,1.2299298,1,0.90581894,0.3605528,0.54526615,,,0,,,,NOT_AVAILABLE,129.49681835924974,-0.9353476911020338,51.77876164199724,45.934209661427445,100002,5668.63,5306.6,6519.6367,,,,,,,200111,7.444338,5.627759,8.49473,51.553635,44.540115,58.567154,http://geadata.esac.esa.int/data-server/datalink/links?ID=511217725176130048,,92,26.6005,61.23388
55,2.4693321262536243E-4,1635721458409799680,Gaia DR2 511217729481954816,511217729481954816,1676967853,2015.5,26.612125158883128,0.03372604085162267,61.23643654977513,0.03959590241271868,0.2694447124482209,0.05171836140653903,5.2098465,-1.0592938177252653,0.058904725531875084,-0.2810688736840401,0.08070413605134785,-0.46718428,-0.040467747,-0.59008455,0.3702496,0.064053565,0.35130844,-0.45527217,0.041930087,-0.0245193,-0.6096726,412,404,396,16,34.376823,2353.1836,0.17710793705461103,15.400901659225873,31,false,25.691553,1.568194323889509,0.008645668791619618,0.027597215,48,19,0.05771771,0,58,true,415,273203.8418475568,132.588529658417,2060.539,12.097149,52,140620.31155812513,223.94276556310544,627.9297,12.481268,51,196999.98630043096,272.3340715501414,723.3762,11.525755,1.2357817,0,0.955513,0.38411903,0.57139397,,,0,,,,NOT_AVAILABLE,129.50153184199917,-0.9316712021336088,51.78732316263348,45.93368775768915,100001,5223.5,4850.0,5403.4272,,,,,,,200111,15.320925,14.317578,17.771524,157.43855,115.99823,198.87888,http://geadata.esac.esa.int/data-server/datalink/links?ID=511217729481954816,,93,26.61162,61.23648
57,2.335636449184286E-5,1635721458409799680,Gaia DR2 511264493088231040,511264493088231040,463117859,2015.5,26.475513477295173,0.011665690869815903,61.241094613474445,0.014382202746606147,0.30433409678853723,0.019385428843288244,15.699116,-1.1445303714949002,0.02012178616004719,-0.2403677281665571,0.029878243483560354,-0.41789562,0.018395316,-0.57942045,0.34932908,0.011896764,0.29514122,-0.31831527,0.060840305,-0.039787583,-0.57590187,438,8,437,1,-10.418692,192.03174,0.0,0.0,31,true,107.645004,1.5446139388899085,0.0029783014044180212,-0.03480744,50,19,0.040494375,0,58,false,461,84485.99892463825,19.797992850898165,4267.4023,13.371404,37,39128.04353224703,80.98119331619174,483.17444,13.870168,35,67195.33610096946,93.41303863493663,719.33575,12.693572,1.2584734,0,1.1765957,0.49876404,0.67783165,,,0,,,,NOT_AVAILABLE,129.43628396752467,-0.9409591265576208,51.709530448644934,45.971332797568735,100001,4872.0,4799.223,4923.27,,,,,,,200111,8.986708,8.80051,9.261328,40.994446,33.89797,48.090923,http://geadata.esac.esa.int/data-server/datalink/links?ID=511264493088231040,,97,26.47555,61.24111
60,2.3647266801145894E-4,1635721458409799680,Gaia DR2 511217763841681536,511217763841681536,33987988,2015.5,26.61025152981206,0.017574474026915213,61.244397801227926,0.021467431458245062,0.32092243412115534,0.029983593608072935,10.703268,-1.1352992242414617,0.03049262439168885,-0.21546594440634215,0.04272573689174738,-0.45115706,-0.012849533,-0.58163965,0.34777638,0.16405815,0.31859785,-0.39163744,0.09368679,-0.10611519,-0.621342,516,516,511,5,7.6415176,789.2012,0.0,0.0,31,true,323.7591,1.6202336959331125,0.004462238547254712,0.002239732,59,18,0.03541467,0,62,false,532,241444.69912883596,45.99032810407267,5249.902,12.231321,56,134063.58639208213,234.5731483893691,571.5214,12.533111,56,161119.63149494893,125.666656481524,1282.1191,11.744049,1.2225707,0,0.78906155,0.30178928,0.48727226,,,0,,,,NOT_AVAILABLE,129.49896591686738,-0.9240809500747497,51.792063403917666,45.940990275187964,100001,5989.8447,5802.5,6601.77,,,,,,,200111,8.887874,7.3165812,9.471062,91.61207,77.8898,105.334335,http://geadata.esac.esa.int/data-server/datalink/links?ID=511217763841681536,,101,26.60976,61.2444
61,3.438874785071342E-5,1635721458409799680,Gaia DR2 511264458728491008,511264458728491008,321096453,2015.5,26.451589895003004,0.019055667091218004,61.24654326821888,0.02353022870546978,0.20864159071721752,0.03169368481543332,6.583065,-0.99413139491145,0.03373682840891643,-0.5782961700837935,0.048730579349748546,-0.44751775,0.027176838,-0.56402564,0.3325696,0.022974554,0.30824143,-0.40669206,0.063606836,-0.035420462,-0.61212575,525,525,500,25,20.549173,1462.5604,0.0,1.8397089067538368,31,true,348.45547,1.5838365292227752,0.004841372953418591,-0.0032270446,59,19,0.039007027,0,63,true,540,791877.2653011557,546.5730450425084,1448.8041,10.941721,58,402625.2253869894,668.9088477164792,601.91345,11.339136,56,562103.7024542973,786.70034249034,714.508,10.387379,1.2182809,1,0.95175743,0.39741516,0.55434227,,,0,,,,NOT_AVAILABLE,129.42388738428042,-0.9380408371955582,51.699326051994134,45.98190919071176,100002,5403.25,5370.6665,5460.5,1.9755,1.547,2.2535,0.99,0.741,1.132,200111,31.094273,30.445683,31.472712,742.4646,565.00586,919.92334,http://geadata.esac.esa.int/data-server/datalink/links?ID=511264458728491008,,102,26.45166,61.24655
63,2.5396809834083215E-5,1635721458409799680,Gaia DR2 511264527447966208,511264527447966208,1302054217,2015.5,26.50866270445777,0.013590154667868566,61.250581544799964,0.015465300989730783,0.3302170931220401,0.021141138336297997,15.619646,-1.1181140148724635,0.023489974655293403,-0.32178912788179415,0.03214414817205693,-0.5084902,-0.045045234,-0.59902513,0.34574705,0.10858038,0.312874,-0.36098555,-0.004440286,0.03279411,-0.6516851,450,0,450,0,-8.380019,238.45401,0.0,0.0,31,false,71.869995,1.554382785401043,0.0032942915548145515,-0.029589403,51,18,0.044721026,0,56,false,465,55719.47432347077,8.152176034866212,6834.9204,13.823348,44,26988.051034578923,46.47285839637366,580.7272,14.273459,42,43047.44610085024,35.55808506623381,1210.6233,13.177052,1.2569304,0,1.0964079,0.4501114,0.6462965,,,0,,,,NOT_AVAILABLE,129.44988711480423,-0.9283378397324972,51.73622777336175,45.97131236324981,100001,4979.02,4704.85,5157.39,,,,,,,200111,6.3584023,5.9261928,7.1210523,22.38547,18.55714,26.213799,http://geadata.esac.esa.int/data-server/datalink/links?ID=511264527447966208,,105,26.50861,61.25058
64,2.164521570204396E-4,1635721458409799680,Gaia DR2 511217763841675008,511217763841675008,1250230759,2015.5,26.599719269802453,0.01245680554379966,61.25314282009459,0.015142965889200326,0.33877641695933114,0.022273595493403107,15.209777,-1.2337887455315464,0.021279002679136728,-0.39600787025889345,0.031124248699056598,-0.47214487,-0.038711376,-0.54425645,0.3172942,0.11023207,0.28420234,-0.3513951,-0.060534604,-0.011253503,-0.6054106,480,0,478,2,-3.5388136,371.72363,0.0,0.0,31,false,71.86829,1.5975841713862382,0.0030598167836705754,-0.07485206,55,18,0.041249078,0,61,false,500,57066.13095666238,10.37899508123644,5498.233,13.79742,40,30233.011265665624,49.237683300930804,614.0218,14.150185,39,39820.441449370024,27.533629479147052,1446.2474,13.261655,1.2275838,0,0.8885298,0.35276508,0.5357647,,,0,,,,NOT_AVAILABLE,129.4921639985119,-0.9166052202741183,51.79223565032594,45.95109603335365,100001,5486.0,5137.25,5901.5,,,,,,,200111,4.9638977,4.289529,5.6607375,20.107754,16.63131,23.584198,http://geadata.esac.esa.int/data-server/datalink/links?ID=511217763841675008,,106,26.59927,61.25313
65,2.597553093397068E-4,1635721458409799680,Gaia DR2 511264699246655488,511264699246655488,1605172732,2015.5,26.599082370454198,0.023145294630826797,61.25825402591786,0.029618616125593515,0.37676298986923723,0.0380166457392275,9.910474,-1.0230779082635562,0.03880022364630915,-0.21266989132326192,0.05931155975237562,-0.4517847,0.023702173,-0.62055206,0.35563087,0.15572117,0.34298798,-0.47470558,0.025247216,-0.10277553,-0.6070105,487,487,481,6,4.8024096,639.2713,0.0,0.0,31,true,106.33763,1.5819657577509465,0.0060876269444089266,-0.030521486,55,18,0.0448279,0,64,false,525,9248218.946632735,5027.317651696997,1839.5931,8.27322,57,4654123.163909318,5487.56442663182,848.1218,8.681793,57,6595137.435215947,7155.489467806749,921.6892,7.7138605,1.2163705,0,0.9679327,0.40857315,0.55935955,,,0,,,,NOT_AVAILABLE,129.4907838874582,-0.9116742959887633,51.7956181231163,45.955644441182855,100001,5363.3335,5350.0,5382.0,,,,,,,200111,59.871567,59.456978,60.17037,2672.238,2271.9658,3072.5103,http://geadata.esac.esa.int/data-server/datalink/links?ID=511264699246655488,,107,26.59855,61.25821
66,1.728658877176699E-4,1635721458409799680,Gaia DR2 511264694938474368,511264694938474368,721040138,2015.5,26.581681007059846,0.02119689182179585,61.2635774630391,0.02599191746698042,0.3431705435259316,0.03467786944211667,9.895952,-1.1592249632445955,0.03626419608652213,-0.17817993959235764,0.05153336483378365,-0.5080558,-0.114616394,-0.6141529,0.37764505,0.27913356,0.3235673,-0.3238627,0.08454079,-0.09358981,-0.6478561,466,466,434,32,16.013111,1088.5233,0.0,0.0,31,false,398.5533,1.6153135881796288,0.0050548908947605185,-0.07531893,54,17,0.04071688,0,61,false,493,494627.9597145455,650.5091413744956,760.3705,11.452669,53,263139.55896416755,897.2352792401069,293.2782,11.800922,54,333474.8258086821,1196.7922917213575,278.64053,10.954263,1.2061882,0,0.84665966,0.34825325,0.4984064,,,0,,,,NOT_AVAILABLE,129.48147991758944,-0.9082387651620933,51.78919553684836,45.96449944849863,100001,5753.6665,5653.0,6176.2095,,,,,,,200111,12.970865,11.256783,13.436939,166.11595,140.46916,191.76274,http://geadata.esac.esa.int/data-server/datalink/links?ID=511264694938474368,,110,26.58133,61.26354
67,2.2001532391250248E-4,1635721458409799680,Gaia DR2 511264798020735616,511264798020735616,1001523775,2015.5,26.598954616381874,0.014857170054501458,61.26795219891265,0.016464432409641565,0.2787465337735269,0.021480935406878957,12.976461,-1.1932358220782426,0.024413790248241012,-0.24289061568241682,0.03214821091251389,-0.6024773,0.20808987,-0.6426352,0.440899,-0.1285591,0.43353155,-0.48250166,-0.022380156,0.011475199,-0.68219036,428,0,426,2,-6.666994,255.18405,0.0,0.0,31,false,97.029274,1.5926084092746353,0.0032033052615069624,-0.019371975,51,18,0.046810664,0,57,false,457,76378.5179203746,15.854228441111857,4817.549,13.480938,45,40121.055526354736,56.537995994185074,709.62994,13.8429575,41,53787.40355708354,53.99973808418572,996.0679,12.935219,1.229514,0,0.9077387,0.36201954,0.54571915,,,0,,,,NOT_AVAILABLE,129.48867333426608,-0.902208303519579,51.80268014751095,45.96400850402922,100001,5535.54,5292.4966,6247.7754,,,,,,,200111,6.8381763,5.3679624,7.480646,39.556263,31.452843,47.659683,http://geadata.esac.esa.int/data-server/datalink/links?ID=511264798020735616,,113,26.59851,61.2679
68,5.572098864673475E-5,1635721458409799680,Gaia DR2 511265489520505344,511265489520505344,199713371,2015.5,26.375463117640415,0.016346818731200793,61.273064299163124,0.01847777472397417,0.6392157684796765,0.026291505827076306,24.312634,0.5665954866858144,0.02713188258938794,-2.686275413020382,0.03766182900502454,-0.38289276,-0.0018023967,-0.6343894,0.30590016,0.052812643,0.27259445,-0.403411,0.06512146,-0.014219288,-0.5572309,484,0,479,5,10.949178,896.33997,0.15894910794730757,9.309758069249488,31,false,29.365982,1.360964101908897,0.00390451565145474,-0.032812033,55,18,0.048165645,0,59,false,482,96256.06590712599,19.075424266120677,5046.077,13.229795,53,25070.746498576893,52.314792898397705,479.22864,14.35347,51,107719.65129989336,94.14412204708061,1144.1995,12.181183,1.3795536,1,2.172287,1.1236744,1.0486126,-38.899170843295465,0.5366330309843657,9,5000.0,3.0,0.0,NOT_AVAILABLE,129.38255009372693,-0.919739292210017,51.67366890046834,46.02345003977574,100002,3593.0,3505.5,3908.6133,1.8405,1.8009,1.908,0.904,0.886,0.9251,200111,11.694437,9.88208,12.285528,20.53441,18.414938,22.653883,http://geadata.esac.esa.int/data-server/datalink/links?ID=511265489520505344,,114,26.37546,61.27312
69,3.3793286016340826E-5,1635721458409799680,Gaia DR2 511265347773502592,511265347773502592,623619706,2015.5,26.44952779146998,0.01195542887351099,61.27331622338946,0.014405061564002902,0.34400698663135837,0.019102295854852642,18.008673,-1.017941458943858,0.020862640090734224,-0.25616433269507005,0.0303237589373918,-0.47041595,0.016625619,-0.59356993,0.38002986,0.003322301,0.34947076,-0.41328794,0.051283397,-0.035178937,-0.60777867,467,45,466,1,-7.5762987,266.63187,0.0,0.0,31,false,126.629654,1.5446328813747268,0.0029941144340543844,-0.011811019,53,19,0.04056989,0,56,false,350,90216.061629776,155.31412795589836,580.86194,13.300156,43,43637.73452075377,248.28382592834288,175.75746,13.751733,40,69533.56085815192,479.5652401195534,144.99292,12.656434,1.2544473,0,1.0952988,0.4515772,0.6437216,,,0,,,,NOT_AVAILABLE,129.4173169265987,-0.9120674929836141,51.71785538593366,46.00540513330053,100001,5005.185,4860.0,5125.935,,,,,,,200111,7.6634955,7.3066955,8.128205,33.20696,28.369669,38.04425,http://geadata.esac.esa.int/data-server/datalink/links?ID=511265347773502592,,115,26.44953,61.27335
70,7.296854475828439E-5,1635721458409799680,Gaia DR2 511264939764819328,511264939764819328,1464501452,2015.5,26.52638902852013,0.018946722956709364,61.27525394589147,0.022264869858109736,0.3853644987486109,0.02973549971333668,12.959745,-1.0186130967017515,0.03223295996430825,-0.2000794305753276,0.04535185319856553,-0.4361975,0.00933644,-0.5957273,0.33259404,0.10541869,0.30570233,-0.3724294,0.0594115,-0.07822412,-0.57265925,490,490,460,30,14.593132,1051.2892,0.0,0.0,31,true,384.04855,1.5777252038348648,0.005114931294698999,-0.07112105,56,19,0.037111074,0,62,false,472,627731.9816601012,337.8655006346104,1857.9346,11.19393,51,313421.95597733074,466.9892643691668,671.15454,11.611065,47,453750.0418020022,304.1453165005917,1491.8856,10.619879,1.222133,1,0.99118614,0.41713524,0.5740509,,,0,,,,NOT_AVAILABLE,129.45303424277273,-0.9024252715870268,51.76494634099734,45.988137497261306,100002,5358.0,5339.0,5374.0,,,,,,,200111,15.285764,15.194879,15.394753,173.49216,151.96866,195.01566,http://geadata.esac.esa.int/data-server/datalink/links?ID=511264939764819328,,116,26.52624,61.27524
71,5.1123046132174197E-5,1635721458409799680,Gaia DR2 511265317721942400,511265317721942400,1286151516,2015.5,26.427566075808066,0.013884230821904403,61.273540186877966,0.016022789053448068,0.6719589686607244,0.022062856854351005,30.456572,17.116070918705354,0.02403991995495943,-13.982475551465761,0.0331269735833251,-0.3885385,-0.064704806,-0.61916894,0.30942106,0.053392597,0.27294052,-0.39181265,0.10365544,-0.039610572,-0.5565035,481,0,480,1,2.7628171,564.5975,0.07373460959123437,1.6584884259143604,31,false,43.904713,1.3910214657164228,0.0034478853267159828,-0.009065452,55,19,0.04444576,0,60,false,507,45768.99226287081,7.906408852552998,5788.847,14.036938,50,13133.935994929265,21.25928240234235,617.7977,15.055401,53,49131.98582131269,36.4984681216813,1346.1383,13.033509,1.360439,1,2.0218916,1.0184631,1.0034285,,,0,,,,NOT_AVAILABLE,129.40694641540554,-0.9140543997175301,51.704973700964686,46.01101034667338,100002,3722.0,3659.0,4276.9233,1.9677,1.6864,2.8221,0.9692,0.8273,1.402,200111,6.826188,5.169732,7.063276,8.05669,7.359103,8.754277,http://geadata.esac.esa.int/data-server/datalink/links?ID=511265317721942400,,117,26.42759,61.27359
73,9.513300310341462E-5,1635721458409799680,Gaia DR2 511265420801154304,511265420801154304,795498549,2015.5,26.425095153735867,0.0182090832353246,61.28707411233264,0.020760102152344022,0.7918740226735397,0.02985976643518248,26.519766,1.7604016699805254,0.031304310205122754,-1.243084144796026,0.04355838425439756,-0.36066723,-0.049806174,-0.5848147,0.28056777,0.031822477,0.24239069,-0.35400936,0.049684707,-0.009841409,-0.53650236,457,0,456,1,10.886118,862.2876,0.18406885618554789,10.491453890553176,31,false,20.248297,1.5253530455312865,0.004532067837786441,-0.03782264,52,19,0.053030882,0,57,false,481,54875.305659649595,8.760122800745597,6264.2163,13.839923,51,24422.66060037301,27.719471842877116,881.0651,14.381906,49,44695.99734028922,35.926206265315095,1244.1057,13.136249,1.2595586,0,1.245657,0.54198265,0.7036743,,,0,,,,NOT_AVAILABLE,129.40295887124526,-0.9010666980540902,51.71350274865778,46.02323718969951,100001,4852.013,4620.04,5137.75,,,,,,,200111,2.8137474,2.5094764,3.1033986,3.9532363,3.5911295,4.3153434,http://geadata.esac.esa.int/data-server/datalink/links?ID=511265420801154304,,120,26.42501,61.28716
74,8.441360449517682E-5,1635721458409799680,Gaia DR2 511265626959458176,511265626959458176,488175516,2015.5,26.38478603428753,0.01872636823192795,61.29429737976997,0.022157026064647537,0.9963037614025503,0.031218942270827003,31.913437,-0.23048860059845683,0.0326186141674117,0.8537610953312076,0.04614332885044813,-0.37759626,-0.04448512,-0.60080373,0.30458108,0.01964969,0.25779465,-0.3695258,0.08922758,-0.07796959,-0.56514704,448,367,435,13,4.0714474,559.99493,0.0,0.0,31,true,189.3615,1.4665190291423478,0.004845913483120959,-0.03778767,51,18,0.03892128,0,55,false,429,136968.31777127046,27.277070910949664,5021.372,12.846815,51,53356.33393713772,66.90180004049824,797.5321,13.533423,48,122186.25605670211,66.42236007818589,1839.535,12.044364,1.2816292,1,1.4890594,0.6866083,0.80245113,-29.720512029793316,4.178403171325141,15,6000.0,3.5,0.0,NOT_AVAILABLE,129.38251279722286,-0.898038889997288,51.69490423195929,46.03937345167554,100002,4459.5,4313.0,4768.75,,,,,,,200111,4.4677763,3.9071012,4.776446,7.1124997,6.739701,7.4852986,http://geadata.esac.esa.int/data-server/datalink/links?ID=511265626959458176,,122,26.38475,61.29438
76,9.46895533890236E-5,1635721458409799680,Gaia DR2 511265141615069440,511265141615069440,1550196721,2015.5,26.52138329855163,0.03268518384868928,61.30763495142306,0.04142382340555832,0.3089258302784107,0.055973793521421705,5.5191154,-1.0579837962690286,0.05172413415120531,-0.20578762999517347,0.08045384944468453,0.059751157,0.008197869,-0.6025945,-0.04390683,0.038134407,-0.070769764,-0.42693675,0.11076206,-0.08148654,-0.30943877,211,211,209,2,3.8444142,291.07733,0.0,0.0,31,false,271.44284,1.589841296017957,0.0093243524689036,-0.040994056,25,12,0.050152853,0,26,true,197,1163752.993351995,274.7040569848928,4236.388,10.523714,24,592568.3133307392,577.3947504818179,1026.2793,10.919542,24,830279.0153663077,655.3892172713256,1266.8488,9.96386,1.2226369,0,0.95568275,0.39582825,0.5598545,,,0,,,,NOT_AVAILABLE,129.44387358791326,-0.8712738066927355,51.78585890532839,46.017177043846104,100001,5361.6665,5284.75,5454.0,,,,,,,200111,25.921017,25.050787,26.68104,500.2625,379.1239,621.4011,http://geadata.esac.esa.int/data-server/datalink/links?ID=511265141615069440,,125,26.5212,61.3076
79,5.898231697129347E-5,1635721458409799680,Gaia DR2 511265970556959488,511265970556959488,994498208,2015.5,26.473899433222655,0.02256547670772543,61.32057315260541,0.026981801278344077,0.2412314814628023,0.03832393234550813,6.294539,-1.0308296508324972,0.038293515177808254,-0.5580973673115592,0.054268380996619965,-0.5035723,-0.034469783,-0.6138782,0.3606648,0.09777715,0.35249788,-0.48297662,-0.056201916,0.04097882,-0.6388591,436,436,429,7,14.266974,988.75934,0.0,0.0,31,false,305.6429,1.6410121787785137,0.005862665316453161,-0.03609187,50,17,0.041967075,0,57,false,458,2031571.0747407256,648.022646503822,3135.031,9.918786,53,1178409.9299956933,629.0639757822111,1873.2751,10.173147,54,1246917.823748232,610.2987582745444,2043.127,9.5223255,1.1938188,0,0.6508217,0.25436115,0.39646053,,,0,,,,NOT_AVAILABLE,129.4188703457748,-0.863407332898642,51.767229101288336,46.03997166482548,100001,6394.5,6277.3975,6516.0,1.354,0.9813,1.6051,0.691,0.4807,0.7941,200111,29.954016,28.84736,31.082003,1351.5471,1033.5859,1669.5083,http://geadata.esac.esa.int/data-server/datalink/links?ID=511265970556959488,,128,26.47379,61.3206
81,8.522153374725995E-5,1635721458409799680,Gaia DR2 511265901837482368,511265901837482368,310163383,2015.5,26.508777059166576,0.02100525844910725,61.32046651031952,0.024639570910573845,0.3831790239649328,0.03252652408968847,11.780509,-1.0130311494804172,0.034378761707048684,1.3296754678717109,0.048636964263709434,-0.49892697,0.008024779,-0.63246614,0.37147164,-0.0075348224,0.3616773,-0.44430962,-0.021718942,0.031244406,-0.5837442,451,451,443,8,13.160889,953.28973,0.0,2.69615159965752E-15,31,false,310.71405,1.3391214462487568,0.005332710272543176,-0.02691822,51,19,0.039290413,0,54,false,470,224774.38740746974,53.29872259788629,4217.2563,12.308999,52,54415.22989195966,116.97333928163042,465.19345,13.512087,52,259004.86331724664,192.81969969472146,1343.249,11.22865,1.3943764,0,2.2834368,1.2030878,1.080349,-60.571670819639614,0.6002210116495273,21,5000.0,3.0,0.0,NOT_AVAILABLE,129.43526022839575,-0.8600003116345112,51.78784937662588,46.031296340642605,100001,4075.095,3774.98,4190.3647,1.4907,1.1779,1.795,0.6843,0.562,0.8731,200111,19.686506,18.618319,22.94113,96.29038,83.53987,109.04089,http://geadata.esac.esa.int/data-server/datalink/links?ID=511265901837482368,,130,26.5086,61.32046
82,7.340382117803857E-5,1635721458409799680,Gaia DR2 511264218210328448,511264218210328448,260505488,2015.5,26.526913878945717,0.024292162115569574,61.22499784396385,0.030650987246194417,0.3889932790339303,0.04485073406044561,8.673064,-1.1039087223814286,0.0392879607726803,-0.2237352881163484,0.05997355842859951,-0.42379972,0.24526472,-0.5582497,0.3039889,-0.10284487,0.3038589,-0.47841057,-0.05580836,0.057702884,-0.58243763,434,0,432,2,-0.24116577,419.33203,0.0,0.0,31,false,12.129081,1.5361433618159626,0.0061373428951556,-0.027539307,49,15,0.06786426,0,62,false,457,10393.940979450721,3.889994569209734,2671.968,15.646415,35,4987.479421307382,23.341216870117993,213.67693,16.106686,38,8390.027306503542,21.26390790970832,394.5666,14.952512,1.2870486,0,1.1541739,0.46027088,0.69390297,,,0,,,,NOT_AVAILABLE,129.4638520807816,-0.9515042337433374,51.72823710092845,45.944839893153436,100001,4887.5,4762.425,4959.585,,,,,,,200111,2.445662,2.375086,2.5758095,3.0749264,2.2825365,3.8673162,http://geadata.esac.esa.int/data-server/datalink/links?ID=511264218210328448,,135,26.52682,61.22494
83,1.4382998145828752E-4,1635721458409799680,Gaia DR2 511264458728491136,511264458728491136,233619276,2015.5,26.446235617824474,0.028931250915984034,61.246132855654636,0.03411622086091852,0.3731091823574862,0.04742466442915752,7.867408,-1.019921542096728,0.05327014397668642,-0.3777639892822462,0.07560256819250002,-0.38133,-0.0270267,-0.5087184,0.31669486,-0.005020271,0.27115005,-0.29277351,0.07757106,-0.042816266,-0.52470505,451,0,450,1,-1.6203382,397.77094,0.0,0.0,31,false,6.251193,1.5246571779973435,0.0076611313986414496,-0.014455572,51,19,0.08263409,0,55,false,468,5784.231335884613,2.7846055331471704,2077.2175,16.282751,49,2606.1201546777434,9.103474190777398,286.27753,16.811401,50,4814.265441337423,13.621944884123414,353.41983,15.555594,1.2828646,0,1.2558069,0.5286503,0.72715664,,,0,,,,NOT_AVAILABLE,129.4214542050638,-0.9389808500856341,51.69584057699014,45.98287686156776,100001,4867.657,4672.8477,5000.0,2.304,1.9154,2.4801,1.1478,0.99,1.26,200111,1.9224805,1.8220568,2.086117,1.869384,1.3430738,2.3956943,http://geadata.esac.esa.int/data-server/datalink/links?ID=511264458728491136,,137,26.44651,61.24619
84,2.0692425679230035E-4,1635721458409799680,Gaia DR2 511240647428816384,511240647428816384,1251840493,2015.5,26.527043247056277,0.02490464025832348,61.19504533204584,0.028628861407786366,0.34947220478486823,0.04153839429931142,8.413234,-0.9939821534374351,0.0433341851151042,-0.2196922792355704,0.060864031026498816,-0.44085288,0.026755251,-0.5495539,0.33760235,0.062357858,0.29335913,-0.30826962,0.0612859,-0.05813547,-0.5986167,511,0,509,2,-1.624501,453.54135,0.0,0.0,31,true,8.449749,1.543451217082756,0.006472870760773518,-0.034937892,58,18,0.069900066,0,63,false,532,7395.032406677171,3.3903892279984587,2181.175,16.016016,41,3616.882546729519,35.89214266617187,100.770874,16.455553,35,5947.36149146746,24.620378921504425,241.56255,15.326109,1.2933336,0,1.1294441,0.43953705,0.6899071,,,0,,,,NOT_AVAILABLE,129.470213582821,-0.9807736657554388,51.70627705697905,45.91907406775406,100001,4943.2646,4857.4297,5059.8203,2.1563,1.6859,2.4761,1.1213,0.8249,1.2401,200111,2.229599,2.128062,2.309093,2.6742601,1.9543283,3.394192,http://geadata.esac.esa.int/data-server/datalink/links?ID=511240647428816384,,139,26.52698,61.19525
