v20160904csv_oid,dist,solution_id,designation,source_id,random_index,ref_epoch,ra,ra_error,dec,dec_error,parallax,parallax_error,parallax_over_error,pmra,pmra_error,pmdec,pmdec_error,ra_dec_corr,ra_parallax_corr,ra_pmra_corr,ra_pmdec_corr,dec_parallax_corr,dec_pmra_corr,dec_pmdec_corr,parallax_pmra_corr,parallax_pmdec_corr,pmra_pmdec_corr,astrometric_n_obs_al,astrometric_n_obs_ac,astrometric_n_good_obs_al,astrometric_n_bad_obs_al,astrometric_gof_al,astrometric_chi2_al,astrometric_excess_noise,astrometric_excess_noise_sig,astrometric_params_solved,astrometric_primary_flag,astrometric_weight_al,astrometric_pseudo_colour,astrometric_pseudo_colour_error,mean_varpi_factor_al,astrometric_matched_observations,visibility_periods_used,astrometric_sigma5d_max,frame_rotator_object_type,matched_observations,duplicated_source,phot_g_n_obs,phot_g_mean_flux,phot_g_mean_flux_error,phot_g_mean_flux_over_error,phot_g_mean_mag,phot_bp_n_obs,phot_bp_mean_flux,phot_bp_mean_flux_error,phot_bp_mean_flux_over_error,phot_bp_mean_mag,phot_rp_n_obs,phot_rp_mean_flux,phot_rp_mean_flux_error,phot_rp_mean_flux_over_error,phot_rp_mean_mag,phot_bp_rp_excess_factor,phot_proc_mode,bp_rp,bp_g,g_rp,radial_velocity,radial_velocity_error,rv_nb_transits,rv_template_teff,rv_template_logg,rv_template_fe_h,phot_variable_flag,l,b,ecl_lon,ecl_lat,priam_flags,teff_val,teff_percentile_lower,teff_percentile_upper,a_g_val,a_g_percentile_lower,a_g_percentile_upper,e_bp_min_rp_val,e_bp_min_rp_percentile_lower,e_bp_min_rp_percentile_upper,flame_flags,radius_val,radius_percentile_lower,radius_percentile_upper,lum_val,lum_percentile_lower,lum_percentile_upper,datalink_url,epoch_photometry_url,v20160904_oid,col1,col2
4,2.0248215875181882E-4,1635721458409799680,Gaia DR2 511193471505349504,511193471505349504,1507971102,2015.5,26.55304602369903,0.019918556236437186,61.13011406063104,0.022908143788448188,0.2840852783338407,0.032207446746627816,8.820484,-1.240552662251147,0.03389997574488963,-0.23276941043363839,0.048198681529369444,-0.54832464,-0.093406424,-0.65061325,0.43348965,0.056919664,0.41583195,-0.4801451,0.106052324,-0.048681945,-0.6675075,536,536,522,14,13.047032,1059.1786,0.0,0.0,31,true,324.88342,1.6484475222144448,0.004638501021025275,-0.03893829,61,17,0.03977263,0,66,false,529,888237.7728268884,246.88596184377,3597.7654,10.817042,62,514004.3871287723,556.8402155064146,923.07336,11.073971,62,552317.4179960772,345.52974582353175,1598.4656,10.406448,1.2004914,0,0.66752243,0.25692844,0.410594,,,0,,,,NOT_AVAILABLE,129.49614786027846,-1.0416094255508692,51.67407160105321,45.856857967369436,100001,6378.0,6316.5,6685.0,,,,,,,200111,16.907154,15.389933,17.237986,426.16107,350.5464,501.77576,http://geadata.esac.esa.int/data-server/datalink/links?ID=511193471505349504,,4,26.55288,61.1303
5,7.816837807403859E-5,1635721458409799680,Gaia DR2 511240200752235136,511240200752235136,853061039,2015.5,26.40758240476702,0.01595119893962189,61.13307860722991,0.018484768308141535,0.3264021633525967,0.027689038853604617,11.7881365,-1.2104012762727523,0.02724884776633908,-0.20788465503652165,0.03831737193868969,-0.37120563,0.02216063,-0.54045635,0.23610678,0.06466008,0.19870336,-0.27340564,0.039222203,-0.011973578,-0.54246765,565,565,548,17,8.351367,866.42,0.0,0.0,31,false,366.567,1.5933760339394702,0.003950918875872896,-0.03174055,64,19,0.03128734,0,68,false,601,290941.9895055879,946.1752234083433,307.4927,12.02885,64,153259.43307438662,1559.799811642759,98.25584,12.38782,64,210891.0827374987,1835.5861114984905,114.89033,11.451775,1.2516259,0,0.93604565,0.35897064,0.577075,,,0,,,,NOT_AVAILABLE,129.42684543691288,-1.053432534103607,51.5895640160247,45.89532123687117,100001,5378.05,5179.9604,5646.815,,,,,,,200111,12.179479,11.047683,13.128812,111.80246,96.16635,127.43857,http://geadata.esac.esa.int/data-server/datalink/links?ID=511240200752235136,,5,26.40766,61.13301
6,1.1694921156579371E-4,1635721458409799680,Gaia DR2 511193570280071040,511193570280071040,390305944,2015.5,26.532856989852032,0.020276562394870266,61.15532910572476,0.023120358265112998,0.3383027135053583,0.031674931086005796,10.680456,-1.0894156687349477,0.03369081084837799,-0.44861732031286117,0.04827900159585,-0.5232329,-0.04802466,-0.6563789,0.41063032,0.046224184,0.3866874,-0.41846713,0.052003406,0.005800004,-0.6230043,504,504,482,22,10.592618,883.67017,0.0,2.5666147450109E-15,31,false,370.11588,1.6306814774138676,0.00474884793071905,-0.041349344,57,18,0.03937951,0,60,false,496,370361.0633811285,126.38291681187665,2930.4678,11.766803,56,207787.89023420733,251.64723129794956,825.711,12.057338,55,242736.84276612787,159.79422027465841,1519.059,11.299081,1.2164474,0,0.7582569,0.29053497,0.46772194,,,0,,,,NOT_AVAILABLE,129.4813106275391,-1.0190114550566718,51.6805509151264,45.883511059312305,100001,5846.563,5500.0,6482.7646,,,,,,,200111,10.996424,8.944009,12.425886,127.29173,108.53551,146.04796,http://geadata.esac.esa.int/data-server/datalink/links?ID=511193570280071040,,8,26.53278,61.15544
7,3.7025829172902816E-5,1635721458409799680,Gaia DR2 511240166392491008,511240166392491008,787239536,2015.5,26.443304038609213,0.017834449869112444,61.15580528975702,0.020088225842291026,0.2947726846139284,0.029235446888171847,10.082715,-1.3064001573679347,0.03093102092906742,-0.2140263405778495,0.04222406718728582,-0.42792693,-0.09461465,-0.612284,0.32383597,0.1586653,0.2921733,-0.36683643,0.168262,-0.13534392,-0.5978562,548,548,529,19,12.397569,1035.4808,0.0,0.0,31,true,375.93073,1.6176779676400428,0.004186048794201019,-0.045059934,62,18,0.035234813,0,66,false,547,337965.2686462054,470.61573637023923,718.1342,11.866185,58,191917.18738575358,663.0217373323327,289.45837,12.143603,54,219839.36015881383,970.7859786721197,226.45502,11.406656,1.2183398,0,0.73694706,0.27741814,0.45952892,,,0,,,,NOT_AVAILABLE,129.43896164671372,-1.0276072763727404,51.627561843491534,45.90602046633525,100001,6197.0,5897.62,6564.0,,,,,,,200111,10.662318,9.503366,11.772292,151.05112,126.82274,175.2795,http://geadata.esac.esa.int/data-server/datalink/links?ID=511240166392491008,,9,26.44338,61.1558
8,1.3766201141434255E-4,1635721458409799680,Gaia DR2 511241021078756096,511241021078756096,735994944,2015.5,26.345628653265244,0.017141085234176224,61.16029759871754,0.0199859296910206,0.3454889533096859,0.029599576083100078,11.6720915,-1.100492455278287,0.02838251839093769,0.004511509515018403,0.04011076668182902,-0.37790322,0.06387383,-0.56454843,0.27256566,-0.047487706,0.22988452,-0.32174683,-0.011412092,0.068991244,-0.54422957,519,519,514,5,5.487908,704.11536,0.0,0.0,31,false,267.08258,1.6026738541928875,0.004347666195754662,-0.030897336,59,19,0.032311987,0,63,true,549,189898.1875420886,39.71615397933417,4781.3843,12.4920635,59,101667.44560540788,112.35532075977403,904.8743,12.833433,58,131094.59023820187,87.00011317368498,1506.8324,11.967958,1.2257202,0,0.8654747,0.34136963,0.5241051,,,0,,,,NOT_AVAILABLE,129.3919338494459,-1.0330294469018344,51.57269674626278,45.93401218601224,100001,5778.75,5380.0,6641.575,2.0082,1.837,2.1941,1.0203,0.9132,1.1097,200111,7.9076214,5.9864793,9.12324,62.823494,54.15622,71.49077,http://geadata.esac.esa.int/data-server/datalink/links?ID=511241021078756096,,10,26.34562,61.16016
9,2.764318981235266E-4,1635721458409799680,Gaia DR2 511216904848319104,511216904848319104,287383583,2015.5,26.612753680959262,0.01788244355638609,61.167197481512304,0.02155170121720559,0.4024078808427795,0.029280462653827617,13.743221,-1.0730206472733717,0.031535239307187594,-0.20848636219232183,0.04660606724144102,-0.4883813,-0.013487914,-0.59655887,0.37626,0.035760067,0.35838136,-0.4383857,0.11179146,-0.083780155,-0.6248974,538,538,522,16,8.305855,831.7977,0.0,0.0,31,false,285.8906,1.6168611763420895,0.004429153242092175,-0.017054167,61,18,0.038416844,0,66,true,541,1779971.2773960477,404.63939610155313,4398.9077,10.062333,63,956216.1649049796,489.3310328919518,1954.1294,10.399998,62,1195265.5533979954,737.5458168445732,1620.5984,9.568259,1.2087171,1,0.8317385,0.3376646,0.49407387,,,0,,,,NOT_AVAILABLE,129.5164817237103,-0.9992781896808164,51.736845291670335,45.87401932496347,100002,5791.0,5755.6665,5828.5,,,,,,,200111,20.689957,20.42458,20.944763,433.73868,382.7268,484.75055,http://geadata.esac.esa.int/data-server/datalink/links?ID=511216904848319104,,13,26.61229,61.16736
10,3.2363916012024026E-5,1635721458409799680,Gaia DR2 511240372550919424,511240372550919424,1638959291,2015.5,26.423331873985607,0.018271421345973645,61.169576179363595,0.022319050809413245,0.3896518733057319,0.030442113452899877,12.799765,-0.7332229552009975,0.0317419806151719,-0.6545487759926072,0.045739189184328205,-0.39964166,-0.013500645,-0.5840457,0.32868356,0.17417367,0.2842988,-0.34743485,0.1126962,-0.11664133,-0.60129976,480,436,465,15,15.22573,1092.4207,0.0,0.0,31,true,205.28407,1.5915924815818752,0.004677216029460081,-0.044363193,56,19,0.038011704,0,58,true,478,153362.23693978917,71.04311802745609,2158.7205,12.72407,53,82453.9253958009,146.31666000565747,563.53064,13.06086,52,105507.533377214,142.73995268579313,739.1591,12.2037115,1.2256045,0,0.8571482,0.33679008,0.5203581,,,0,,,,NOT_AVAILABLE,129.42666228831675,-1.0161527094276583,51.62580162034486,45.92278153590535,100001,5541.6665,5424.9854,5881.4473,1.926,1.7077,2.0839,0.9677,0.781,1.05,200111,6.914474,6.138631,7.215107,40.62324,35.41971,45.826775,http://geadata.esac.esa.int/data-server/datalink/links?ID=511240372550919424,,14,26.42339,61.16956
11,4.56523529990514E-5,1635721458409799680,Gaia DR2 511240540042417408,511240540042417408,267490790,2015.5,26.456078223871653,0.018919924568972794,61.17274877849806,0.021390055970874886,0.30868102677614745,0.02912803693729942,10.597385,-1.012636394635288,0.0324376396057717,-0.22338196461935472,0.04406197319760208,-0.49967918,0.05089243,-0.62762576,0.38384765,0.04776203,0.35828912,-0.4248436,0.046876907,-0.03997738,-0.63822544,513,504,510,3,3.685282,630.6342,0.0,0.0,31,false,225.63097,1.6052431302113537,0.004495467867978835,-0.011550839,58,19,0.0377375,0,61,true,520,157999.2829455307,28.955362018074133,5456.6504,12.691728,58,85227.69388795643,103.09890225047552,826.65955,13.024937,56,108600.72705168124,61.53511444682671,1764.8578,12.1723385,1.2267678,0,0.8525982,0.33320904,0.51938915,,,0,,,,NOT_AVAILABLE,129.44144287459886,-1.0097499236854623,51.64763398049095,45.91742240411245,100001,5582.0,5500.0,5756.533,,,,,,,200111,8.71554,8.195056,8.977359,66.441986,56.23768,76.64629,http://geadata.esac.esa.int/data-server/datalink/links?ID=511240540042417408,,15,26.45617,61.17276
12,1.6212727329497335E-4,1635721458409799680,Gaia DR2 511217106700849664,511217106700849664,1419098186,2015.5,26.573327530140872,0.019895902242014374,61.176120618424065,0.0238309527467916,0.32473514335864717,0.03211866616439329,10.11048,-2.7242666938336786,0.03442795497487748,-0.5570552490007075,0.04947637783334752,-0.50266737,0.05473087,-0.60360956,0.38012797,0.0020543498,0.35936362,-0.44270837,0.078219205,-0.03598085,-0.646552,495,495,480,15,20.243076,1410.6154,0.0,0.0,31,false,344.6882,1.3494594458595512,0.005039279656857054,-0.028124526,57,18,0.04014339,0,63,true,484,285006.2811093111,64.16370239326608,4441.8613,12.0512295,53,69782.93161246114,148.20139055982727,470.86557,13.242015,51,329304.7189389184,413.25981416100586,796.8467,10.967925,1.4002767,1,2.2740898,1.1907854,1.0833044,-57.77881600205429,2.470822210659566,15,5000.0,3.0,0.0,NOT_AVAILABLE,129.49601152220717,-0.9945739555169771,51.719919777088556,45.891403466376914,100002,3877.6301,3455.0,4542.0,1.339,1.0839,1.6031,0.6427,0.5434,0.8051,200111,30.79448,22.444574,38.789085,193.15501,163.22847,223.08156,http://geadata.esac.esa.int/data-server/datalink/links?ID=511217106700849664,,17,26.5731,61.17624
13,2.6122971982986816E-4,1635721458409799680,Gaia DR2 511216973567782400,511216973567782400,134256631,2015.5,26.64317950921088,0.012635618669295525,61.17860450030189,0.014857740454516865,0.3050130237878794,0.021487021505997444,14.195221,-1.0014367055496716,0.02322892512537988,-0.2998205968114276,0.033109097750859164,-0.44491452,-0.013185618,-0.5073042,0.3603228,-0.008519905,0.30097252,-0.2931787,0.13013357,-0.10348582,-0.6204734,469,8,468,1,-6.12055,300.1084,0.0,0.0,31,false,56.04521,1.5975732612496985,0.003247673748137589,-0.010887441,53,19,0.044075437,0,57,false,490,44254.454890763875,7.810788433604288,5665.8115,14.073473,47,23767.800102644636,36.49225482953438,651.3108,14.411416,49,30736.773558538203,20.71351745879387,1483.8993,13.542774,1.2316178,1,0.86864185,0.33794308,0.5306988,,,0,,,,NOT_AVAILABLE,129.52840433740604,-0.9850221899273773,51.76332907122012,45.87633367412691,100002,5741.637,5449.83,6133.263,,,,,,,200111,4.3851805,3.8430474,4.867355,18.828365,15.335804,22.320927,http://geadata.esac.esa.int/data-server/datalink/links?ID=511216973567782400,,19,26.64265,61.17866
14,2.919758547267602E-5,1635721458409799680,Gaia DR2 511240746200845312,511240746200845312,525911412,2015.5,26.439829957787875,0.020851864480308322,61.18210385488789,0.0242735270180787,0.304267541283119,0.032127639435446664,9.470585,-0.9467720420163971,0.03373538879610288,-0.6609799918456304,0.04731186962543524,-0.55350983,0.16108297,-0.66145235,0.4446701,-0.021026205,0.4215058,-0.4784217,-0.07394401,0.036730416,-0.6687743,481,472,469,12,3.630089,582.82495,0.0,0.0,31,true,313.67926,1.5843774247680504,0.00472908461544044,-0.033450052,55,19,0.0398973,0,58,false,498,225498.04581998693,73.83319386575383,3054.1553,12.305509,56,115043.54905397799,152.99328712219375,751.9516,12.699232,52,163409.13949420053,187.02393050242645,873.7338,11.728729,1.2348342,0,0.97050285,0.3937235,0.57677937,,,0,,,,NOT_AVAILABLE,129.43182488993105,-1.0022398988427264,51.6448463919741,45.929468875864316,100001,5331.4,5080.895,5687.815,,,,,,,200111,11.739943,10.314723,12.926116,100.32095,83.63609,117.00581,http://geadata.esac.esa.int/data-server/datalink/links?ID=511240746200845312,,20,26.43989,61.1821
15,6.613691378647004E-5,1635721458409799680,Gaia DR2 511240613069082624,511240613069082624,495950536,2015.5,26.51438787066738,0.017100783461357263,61.182906432122806,0.02027307967689753,0.33437794063196064,0.031121502888772534,10.744273,-1.1306074607152665,0.030881243497816575,-0.2404707546182648,0.04357062814949997,-0.4713428,-0.002876414,-0.5266803,0.301867,0.08120979,0.26097438,-0.31057438,0.046720814,-0.0670129,-0.65883845,487,346,483,4,3.28649,586.2224,0.0,0.0,31,true,180.43575,1.6027929682171949,0.004165995474492304,-0.01937586,55,18,0.038639262,0,60,false,511,132380.2808060131,90.2599527942028,1466.6558,12.883807,58,71159.29377662191,188.90208932221566,376.69934,13.220809,57,91521.90013852638,170.87722443985257,535.60034,12.358108,1.2288929,0,0.8627014,0.3370018,0.5256996,,,0,,,,NOT_AVAILABLE,129.4668024186232,-0.9939234558463206,51.689818607258886,45.911764045442425,100001,5635.25,5409.97,6216.395,,,,,,,200111,7.209911,5.9248734,7.8228774,47.22884,39.593285,54.864395,http://geadata.esac.esa.int/data-server/datalink/links?ID=511240613069082624,,21,26.51435,61.18297
16,1.0706277270065085E-4,1635721458409799680,Gaia DR2 511217179726196352,511217179726196352,1470924493,2015.5,26.55762229145378,0.01885561751809845,61.19362687571529,0.022139877830909007,0.3159840141288286,0.03127905750451209,10.102095,-1.0738073439102516,0.03246763211606401,-0.23413274852886393,0.04681825040281822,-0.5004878,0.080766045,-0.5920451,0.3475331,-0.014741806,0.33351168,-0.38724768,0.09133998,-0.1290613,-0.6340783,515,497,508,7,5.664744,704.0789,0.0,0.0,31,true,216.7199,1.6253003889920363,0.004476966187687502,-0.03158746,58,18,0.038317997,0,64,false,524,156494.69907411578,28.72366730714586,5448.284,12.702117,60,88043.6362860251,132.0468392606477,666.7606,12.989643,55,102736.88311295309,74.0747525617987,1386.9352,12.232604,1.2190862,0,0.75703907,0.28752613,0.46951294,,,0,,,,NOT_AVAILABLE,129.48491830045552,-0.9790579582404466,51.72343245810602,45.91031890314648,100001,5857.6333,5546.6665,6329.975,1.8753,1.5554,2.0291,0.9483,0.7673,1.0261,200111,7.6218305,6.52679,8.500403,61.617203,51.876785,71.35762,http://geadata.esac.esa.int/data-server/datalink/links?ID=511217179726196352,,23,26.55746,61.1937
17,6.01264467673772E-5,1635721458409799680,Gaia DR2 511264115126402176,511264115126402176,1225018513,2015.5,26.529046237117182,0.042639799257775474,61.197529041340175,0.037646405043037415,0.30029315756557845,0.053560464526161894,5.60662,-1.0043839825268555,0.05992206147685867,-0.22512998455959185,0.0689692856956182,-0.47398442,0.20196506,-0.7513924,0.23305227,0.051051915,0.27767146,-0.32445863,-0.2169565,0.003789511,-0.504174,256,256,250,6,5.2866354,380.7507,0.0,0.0,31,true,270.24155,1.6034355788101957,0.008332229678587162,-0.07039284,29,12,0.05159266,0,31,true,268,1409380.8240466,312.4183133083812,4511.1978,10.315795,28,740420.8044714594,655.1699155836988,1130.1202,10.677691,31,974909.1932771124,958.0637032286527,1017.5828,9.78951,1.2170806,1,0.8881817,0.3618965,0.5262852,,,0,,,,NOT_AVAILABLE,129.470634693955,-0.9781425304678898,51.7092955545734,45.92071441854245,100002,5767.9434,5484.0,6262.3633,1.575,1.1346,2.0941,0.696,0.5257,1.002,200111,24.88624,21.111774,27.53001,617.5857,468.80508,766.36633,http://geadata.esac.esa.int/data-server/datalink/links?ID=511264115126402176,,24,26.52898,61.19758
18,2.0476060883845754E-5,1635721458409799680,Gaia DR2 511240819227509120,511240819227509120,1649678505,2015.5,26.405690984345753,0.0201350782002215,61.1964381179992,0.024101421859872865,0.34954421594677904,0.03347381215244861,10.442319,-1.184898885981872,0.03480820096981003,-0.21720956056507218,0.04930192292843446,-0.52209085,0.12068778,-0.5621204,0.3894375,-0.06641501,0.37652004,-0.45582247,-0.015687209,0.020079153,-0.65010756,450,450,447,3,1.3992195,484.21185,0.0,0.0,31,true,252.68361,1.5877821606300984,0.005105250414441051,-0.03209562,51,19,0.03975504,0,54,true,476,176064.36318923216,85.09770381421433,2068.9673,12.574187,53,89567.29855358409,188.3999439108123,475.41043,12.971014,53,127984.6016610467,209.4425440602445,611.07263,11.994025,1.2356385,0,0.9769888,0.39682674,0.58016205,,,0,,,,NOT_AVAILABLE,129.4127399942362,-0.9916558425729649,51.63508661199449,45.9502072644277,100001,5181.3174,4987.5,5400.6665,,,,,,,200111,9.668834,8.899381,10.43491,60.7021,51.718937,69.68526,http://geadata.esac.esa.int/data-server/datalink/links?ID=511240819227509120,,26,26.40573,61.19643
19,4.296916422623221E-5,1635721458409799680,Gaia DR2 511240681788554624,511240681788554624,902288943,2015.5,26.474683782427864,0.01242262498084076,61.19802892930465,0.015230148122873991,0.2549591429392837,0.022250528643834498,11.458566,-1.1225622500477983,0.021208466641753063,-0.31892247689247555,0.030935146217946012,-0.52714,-0.06690009,-0.52392006,0.3059308,0.18124832,0.27085316,-0.3023474,-0.072587654,0.07336997,-0.6560926,473,0,472,1,-5.846888,309.62546,0.0,0.0,31,false,95.78065,1.5997693398494797,0.0029676133374863228,-0.048248217,54,18,0.041307468,0,59,false,499,75097.64588668136,11.087171687751928,6773.382,13.4993,53,40523.11830565379,47.05665947818761,861.1559,13.832131,49,51658.838484492095,45.573372100463764,1133.5311,12.979058,1.2274946,0,0.8530731,0.33283138,0.52024174,,,0,,,,NOT_AVAILABLE,129.4449185337583,-0.9831524673708775,51.67731386262102,45.934548047349104,100001,5572.01,5436.5435,5764.0,,,,,,,200111,7.304128,6.8256526,7.672668,46.331776,35.695816,56.967735,http://geadata.esac.esa.int/data-server/datalink/links?ID=511240681788554624,,27,26.47471,61.19807
20,4.0434887540309834E-5,1635721458409799680,Gaia DR2 511240887946984320,511240887946984320,26770531,2015.5,26.471872391836254,0.01287970133083836,61.1994005937829,0.014808445416259575,0.3168835856427408,0.020671585739465252,15.329428,-1.088137398895033,0.022159019932477174,-0.23137224591705285,0.030984190610187107,-0.5437573,0.08561621,-0.58720386,0.39576253,0.043788772,0.37036598,-0.4100247,-0.03581771,0.019982463,-0.67358255,442,9,442,0,-4.95244,305.80524,0.0,0.0,31,false,126.90686,1.5937495909785977,0.0028612304604787534,-0.04000597,51,18,0.043196138,0,57,true,459,98875.80249777321,15.996854845512031,6180.9526,13.200641,50,53084.97508354079,62.51130247517058,849.20605,13.5389595,45,68377.44906443835,50.40428903440061,1356.58,12.674638,1.2284343,1,0.8643217,0.33831882,0.5260029,,,0,,,,NOT_AVAILABLE,129.44330652328017,-0.9820950209933332,51.676650708171344,45.936419757400316,100002,5745.0,5400.0,6182.0947,1.7915,1.6442,2.01,0.889,0.6856,1.0141,200111,6.301097,5.441579,7.1319566,38.966118,32.204803,45.727432,http://geadata.esac.esa.int/data-server/datalink/links?ID=511240887946984320,,28,26.47193,61.19943
22,5.112308029242874E-5,1635721458409799680,Gaia DR2 511264115131117952,511264115131117952,879538172,2015.5,26.534496910379737,0.018680730521405436,61.20412031636354,0.02289785222404353,0.3021563535717822,0.03207130129235584,9.421393,-1.0101263695941012,0.03344689225995075,-0.1495267970778702,0.0494474331156893,-0.40057656,0.03621247,-0.5284583,0.33044678,-0.026817556,0.3051456,-0.40822855,0.08039247,-0.024801064,-0.559122,424,424,417,7,1.1487188,445.15964,0.0,0.0,31,true,291.3938,1.5998757043231204,0.005054357312912605,-0.015086356,48,18,0.03862219,0,58,true,444,203139.96106405836,42.62353233313228,4765.911,12.418878,50,110633.5518168704,200.3836880442015,552.1086,12.741671,47,137882.5836656161,87.89554730101642,1568.7096,11.913146,1.2233739,0,0.8285246,0.322793,0.5057316,,,0,,,,NOT_AVAILABLE,129.4718151287827,-0.9711463330948119,51.71738651464795,45.925034399655566,100001,5661.75,5504.4507,5774.3335,1.844,1.4697,2.0059,0.927,0.765,1.028,200111,9.781283,9.403585,10.348306,88.57051,73.8369,103.30412,http://geadata.esac.esa.int/data-server/datalink/links?ID=511264115131117952,,32,26.53443,61.20416
23,8.043549979320362E-5,1635721458409799680,Gaia DR2 511264149490855808,511264149490855808,1620754608,2015.5,26.54046654815067,0.018657796732357294,61.20595806369092,0.021898330289841877,0.3005332234161247,0.02944745501647085,10.205746,-1.1280718427662846,0.03303621885816887,-0.1870554691084548,0.04620092670191983,-0.48319656,0.05722148,-0.5846257,0.3749379,0.067036994,0.35352635,-0.4199827,0.09493806,-0.09504488,-0.64818424,472,429,463,9,4.9728794,624.7746,0.0,0.0,31,true,224.06734,1.6111630365428926,0.004649401810325398,-0.017236823,53,19,0.03982171,0,58,true,496,159652.24663245433,404.73787682074607,394.45837,12.6804285,48,88457.71899346446,643.3678981494265,137.49165,12.984549,47,106976.82052111448,1006.3338088145962,106.30351,12.188696,1.2241265,0,0.79585266,0.30412006,0.4917326,,,0,,,,NOT_AVAILABLE,129.47423968377203,-0.9687445299621545,51.722289967545755,45.92514236342002,100001,6022.0,5781.0,6564.28,1.9933,1.618,2.1571,0.9797,0.7779,1.0886,200111,7.630852,6.4221487,8.280348,68.992805,57.785282,80.200325,http://geadata.esac.esa.int/data-server/datalink/links?ID=511264149490855808,,33,26.54036,61.20602
24,2.0735747704557074E-4,1635721458409799680,Gaia DR2 511217282805392640,511217282805392640,143348797,2015.5,26.6152892842913,0.017447203636088662,61.207065680690036,0.021958150161386213,0.36237418351957534,0.03178002804633107,11.4025755,-1.1096755718498155,0.0313319572620458,-0.15757249536589432,0.04515706021572644,-0.41687548,-0.011458029,-0.55277395,0.28059363,0.045589905,0.26445368,-0.40874496,0.11608974,-0.019622725,-0.6005939,543,543,525,18,9.857474,906.1084,0.0,0.0,31,false,317.24515,1.5701130981811795,0.004209422117216395,0.0035512997,62,18,0.035892423,0,67,false,570,1432619.2913948144,4142.991486696358,345.79346,10.2980385,58,729709.2019409569,5786.314074832749,126.109505,10.693514,57,1051483.1887520035,10302.902721301212,102.056984,9.707415,1.2433118,0,0.98609924,0.3954754,0.59062386,,,0,,,,NOT_AVAILABLE,129.50923742968254,-0.9600544440350963,51.767621163832885,45.90766622224225,100001,5298.25,5150.0,5365.0,,,,,,,200111,25.215193,24.591654,26.687798,451.38705,389.14337,513.63074,http://geadata.esac.esa.int/data-server/datalink/links?ID=511217282805392640,,34,26.61488,61.20713
25,1.8843404888915403E-4,1635721458409799680,Gaia DR2 511217282805390464,511217282805390464,627619714,2015.5,26.606689421387166,0.0184974775499592,61.20899793401235,0.023010114397183735,0.3707582131839284,0.03142902859081894,11.79668,-1.4271800647822108,0.03263365872710961,-0.31112442892232317,0.04685405289535782,-0.38935518,-6.910369E-4,-0.58342457,0.31856808,0.015318955,0.2504359,-0.33979827,0.08932299,0.051180113,-0.60909086,451,451,447,4,3.7567177,562.5847,0.0,2.6901064090924424E-15,31,false,309.38202,1.6222297168490236,0.005309104228118184,-0.031558532,51,17,0.037376225,0,60,false,463,217331.56342154826,34.89355032223469,6228.4165,12.345559,54,120684.2624161761,188.75926986725793,639.3554,12.647262,50,144698.23492579427,72.58268653774554,1993.5641,11.860762,1.2210951,0,0.7865,0.3017025,0.48479748,,,0,,,,NOT_AVAILABLE,129.5047797800472,-0.9590423371816778,51.76392408571253,45.91144407615027,100001,5912.6665,5798.0,6340.033,,,,,,,200111,7.5030127,6.525584,7.80272,61.98686,53.69587,70.27785,http://geadata.esac.esa.int/data-server/datalink/links?ID=511217282805390464,,35,26.60632,61.20906
26,4.781007505413373E-5,1635721458409799680,Gaia DR2 511264183850593792,511264183850593792,1379267616,2015.5,26.497122484141652,0.019157446998682114,61.2126723271177,0.02298945394048205,0.3379360065617801,0.030937847734495837,10.923061,-0.970739287891558,0.03212808545658273,-0.3180941605065627,0.046561522390054164,-0.5453789,0.062255148,-0.5805955,0.37320006,0.0784919,0.3739809,-0.42108068,0.067446545,-0.12854376,-0.6562002,491,491,479,12,4.291888,618.0102,0.0,0.0,31,true,332.2023,1.5786729819798708,0.004702064856667681,-0.030339016,56,17,0.038345095,0,64,true,531,1269921.105398949,4074.5204363206017,311.67377,10.428924,55,641223.005554107,4762.27274669518,134.64642,10.833865,59,909641.3223094958,10815.723759558623,84.1036,9.864744,1.2212288,0,0.969121,0.40494156,0.5641794,,,0,,,,NOT_AVAILABLE,129.45241662983886,-0.9665681752462724,51.70144406490565,45.94159375542155,100001,5366.0,5337.75,5731.645,,,,,,,200111,24.706348,21.65466,24.968557,455.94717,389.71896,522.1754,http://geadata.esac.esa.int/data-server/datalink/links?ID=511264183850593792,,36,26.49713,61.21272
27,3.22921314887763E-5,1635721458409799680,Gaia DR2 511240922306718208,511240922306718208,135208261,2015.5,26.48375157295524,0.01809634182989817,61.212577716753735,0.020605065413106596,0.32988979231542637,0.02813181082116347,11.726575,-1.0169356795131061,0.03331318372086674,-0.23001597384707956,0.04395732122194365,-0.40189937,-0.025633687,-0.56434596,0.29153672,0.09778659,0.26425952,-0.3833328,0.1465623,-0.124133855,-0.60578084,487,487,461,26,5.583736,645.42377,0.0,0.0,31,true,384.81506,1.5634102786953759,0.004665387258319516,1.2955314E-4,57,19,0.03731947,0,63,false,517,443045.9761709644,1248.8695972800306,354.7576,11.572244,56,212224.1709918889,1498.4086083181182,141.63304,12.034401,57,337258.882706432,2896.3735365058005,116.44178,10.942012,1.2402394,0,1.0923891,0.46215725,0.63023186,,,0,,,,NOT_AVAILABLE,129.44613994027858,-0.9680113753242102,51.69342036113605,45.944809054300904,100001,5027.4595,4975.5947,5193.404,,,,,,,200111,17.511766,16.410543,17.87875,176.50172,151.82733,201.17612,http://geadata.esac.esa.int/data-server/datalink/links?ID=511240922306718208,,37,26.48375,61.21261
28,3.693396691096984E-5,1635721458409799680,Gaia DR2 511264183845870720,511264183845870720,21586463,2015.5,26.49966716787615,0.024868131333037856,61.21424322766722,0.029768306266099522,0.41705058369983394,0.04240824042904171,9.8341875,-0.9187028711212721,0.042942678428376645,-0.45422969619670617,0.06345761751132298,-0.47216183,-0.085319236,-0.6013478,0.37376264,-0.06298563,0.36789104,-0.507067,0.08163879,-0.010793104,-0.6213427,342,342,340,2,-0.1475404,330.53433,0.0,1.5447950124742079E-15,31,true,288.7524,1.5710658379573645,0.006622709495373939,-0.05588184,39,15,0.04680833,0,45,true,356,917203.8192595799,175.18534666743926,5235.6196,10.782201,37,453815.99648137996,287.793417325318,1576.8811,11.209188,39,672857.0389360588,353.66588360937277,1902.5217,10.192113,1.228378,1,1.0170755,0.42698765,0.5900879,,,0,,,,NOT_AVAILABLE,129.4532851265511,-0.9647750691757973,51.70411427914968,45.94231588971996,100002,5345.055,5199.18,5400.0,,,,,,,200111,17.170412,16.822773,18.14744,216.80283,185.11925,248.4864,http://geadata.esac.esa.int/data-server/datalink/links?ID=511264183845870720,,38,26.49966,61.21428
29,1.8977105743996006E-5,1635721458409799680,Gaia DR2 511241712580840448,511241712580840448,1582869391,2015.5,26.415064151120998,0.017137782523635816,61.21642123302678,0.02198824963623969,0.31867574565155155,0.029938580001003537,10.644318,-1.1224110826541973,0.03113718835542841,-0.17641767129851577,0.048015756502754386,-0.3970441,-0.06952433,-0.5348988,0.28452224,0.13768424,0.27757892,-0.41790292,0.10590695,-0.11063248,-0.59144866,468,459,462,6,1.7881697,512.5005,0.0,0.0,31,true,340.17615,1.5720108519840468,0.004428942557205614,-0.012168957,53,18,0.038423914,0,55,true,484,239960.77969624306,196.3293388897904,1222.236,12.238015,54,119446.26909276603,302.7054066353579,394.59576,12.658457,53,179436.79646355275,459.49173253340024,390.51147,11.627141,1.2455497,0,1.0313158,0.42044163,0.6108742,,,0,,,,NOT_AVAILABLE,129.4129876490531,-0.9711705916575872,51.655393894505856,45.96505331487365,100001,5148.8267,5023.7246,5288.98,,,,,,,200111,12.572867,11.915356,13.206849,100.09133,84.92251,115.260155,http://geadata.esac.esa.int/data-server/datalink/links?ID=511241712580840448,,39,26.41507,61.21644
30,2.2179422015887075E-4,1635721458409799680,Gaia DR2 511217656456656000,511217656456656000,390415729,2015.5,26.626011476011044,0.018630142453514676,61.216575998026116,0.022349031780575963,0.2948701671377107,0.030616239367531235,9.631168,-1.074504776759071,0.03258601563522832,-0.1662151695007868,0.047936871199272466,-0.3811699,-0.006821247,-0.588981,0.33355537,-0.051619604,0.2851762,-0.36942345,0.08776862,0.0021656714,-0.53430486,458,452,441,17,7.69118,703.91864,0.0,0.0,31,false,350.72974,1.5997963121197714,0.004596448278420456,-0.016384961,53,18,0.037984967,0,61,false,462,271600.483312686,74.23464980757616,3658.6753,12.103539,52,146604.98873353857,273.3156874733326,536.39435,12.436016,49,185644.17398254038,180.58753807970362,1028.001,11.590217,1.223301,0,0.84579945,0.33247662,0.51332283,,,0,,,,NOT_AVAILABLE,129.51227062281774,-0.9496664541562669,51.78098574353779,45.91320153826908,100001,5666.4,5017.0,5835.0,,,,,,,200111,11.568428,10.909556,14.757086,124.30034,103.67633,144.92435,http://geadata.esac.esa.int/data-server/datalink/links?ID=511217656456656000,,40,26.62556,61.21662
31,4.1459678021364074E-5,1635721458409799680,Gaia DR2 511264218210331008,511264218210331008,607905333,2015.5,26.510057165015986,0.02194068855239066,61.22065065709614,0.027639690203772074,0.3258232306707493,0.034401670247429135,9.471146,-1.1439672191186063,0.03617431834845621,-0.26615941917965796,0.05208974706106582,-0.6140747,-0.014023019,-0.57120955,0.37675357,0.173783,0.36000904,-0.41433802,-0.08221635,0.06291972,-0.69705385,455,455,441,14,8.322051,729.86945,0.0,0.0,31,true,386.52515,1.5854772139233555,0.004971825612542662,-0.003643853,51,17,0.042024568,0,58,false,456,372520.23115759273,107.14394133773139,3476.8203,11.760491,45,194989.74997501273,237.1434108189097,822.244,12.126359,46,261873.38150810794,179.9456928726951,1455.2911,11.216692,1.2264116,1,0.909667,0.3658676,0.5437994,,,0,,,,NOT_AVAILABLE,129.45683124714387,-0.957460003127241,51.715011486608624,45.945259147255015,100002,5474.0,5138.16,5991.9326,2.161,1.8856,2.4526,1.095,0.9416,1.247,200111,13.253044,11.060924,15.042151,142.084,119.10554,165.06247,http://geadata.esac.esa.int/data-server/datalink/links?ID=511264218210331008,,42,26.51003,61.22069
32,2.037002907759832E-4,1635721458409799680,Gaia DR2 511217660762493568,511217660762493568,461441555,2015.5,26.61796255336389,0.010618503396747298,61.22284929705805,0.012903616675759446,0.29984189922185583,0.017794852141591235,16.849924,-0.9290960651653861,0.01908005784968005,-0.2573471616741223,0.027354947940709605,-0.49079466,-0.016532334,-0.5370266,0.33880645,0.046845313,0.31653503,-0.36594722,0.10663407,-0.06772205,-0.62496823,502,0,501,1,-4.90921,356.3547,0.0,0.0,31,true,119.4582,1.558445285149642,0.0025621944913825144,-0.007675289,58,19,0.03929502,0,62,false,527,94050.7440017092,19.106443646947696,4922.462,13.25496,49,46721.84501680754,66.68714767558868,700.6124,13.677588,45,69901.99047894981,42.26502061011713,1653.897,12.650696,1.2400097,1,1.0268927,0.4226284,0.60426426,,,0,,,,NOT_AVAILABLE,129.5071542272045,-0.9443560042165522,51.7808073547587,45.92057417888913,100002,5141.3335,5102.5,5232.013,,,,,,,200111,8.395642,8.107142,8.523921,44.371655,36.93979,51.80352,http://geadata.esac.esa.int/data-server/datalink/links?ID=511217660762493568,,43,26.61754,61.22286
33,8.720761839627347E-5,1635721458409799680,Gaia DR2 511241845712465664,511241845712465664,1541128349,2015.5,26.331621104845894,0.018761537427449505,61.224197840980324,0.022467136304434848,0.331349794101195,0.030390694031841973,10.903002,-1.1773369865434486,0.033796369984088116,-0.13764867468326197,0.04674550551493408,-0.46540874,0.019470762,-0.55686414,0.35706562,-0.022892302,0.3317926,-0.4272823,0.04655052,-0.008652758,-0.6305896,453,444,445,8,1.7620499,493.6479,0.0,0.0,31,false,260.12698,1.5967348732566398,0.005044701489516539,-0.013774529,52,19,0.038885087,0,55,true,468,181365.21678767452,55.27024680140857,3281.4258,12.541981,53,95041.62369044978,134.88594163044652,704.60736,12.906604,52,128204.57259229258,152.18990833788905,842.3986,11.992161,1.2309207,0,0.914443,0.36462307,0.54981995,,,0,,,,NOT_AVAILABLE,129.37206979742547,-0.9719201872027868,51.611503958643816,45.99233125360729,100001,5527.6826,5042.94,6557.0728,1.9987,1.5039,2.3765,1.0135,0.7819,1.155,200111,8.893089,6.3200254,10.684919,66.52309,56.729004,76.31717,http://geadata.esac.esa.int/data-server/datalink/links?ID=511241845712465664,,44,26.33144,61.2242
34,1.6758435657657502E-4,1635721458409799680,Gaia DR2 511217351524847360,511217351524847360,413754456,2015.5,26.59136961279668,0.01741822187844201,61.224193155483235,0.020920359866761065,0.28409639212216925,0.028465783011587018,9.980277,-1.310958517261311,0.031012381700386293,-0.16226346676925993,0.044443681554212355,-0.4506956,0.021456067,-0.54105747,0.35071555,0.09510374,0.31731606,-0.32905623,0.08655046,-0.09696251,-0.59432757,522,522,492,30,13.430806,1036.8164,0.0,0.0,31,false,383.50836,1.6092519566855958,0.004542500311142744,-0.027565552,59,19,0.03663628,0,64,false,515,478580.54435436986,208.7253182455715,2292.8726,11.488478,59,258421.64744090344,381.92387480782844,676.6313,11.820566,56,322484.6330898516,211.92718514597104,1521.6765,10.990647,1.2138109,0,0.82991886,0.33208847,0.4978304,,,0,,,,NOT_AVAILABLE,129.49435617195334,-0.9457500198412592,51.765978956090215,45.928274519393725,100001,5786.0,5607.5,5992.0,,,,,,,200111,15.224631,14.195805,16.20933,234.0464,195.76855,272.32425,http://geadata.esac.esa.int/data-server/datalink/links?ID=511217351524847360,,45,26.59103,61.22423
35,5.8438195506484244E-5,1635721458409799680,Gaia DR2 511264218210327424,511264218210327424,216539232,2015.5,26.525547510670457,0.01858972345590044,61.22755518436103,0.02308799813858085,0.3224062620899852,0.033866575084237176,9.519896,-1.2321211845521534,0.03481092820711724,-0.23598335923942737,0.049859446912554166,-0.44666222,-0.018663015,-0.4837788,0.32261303,0.09744856,0.2852525,-0.3076858,0.11744578,-0.17942,-0.6349695,492,492,453,39,14.126312,1016.68176,0.0,0.0,31,true,381.9554,1.550615708245908,0.005171222216326678,0.0028349322,56,17,0.038924348,0,63,false,520,652997.49826412,1622.3842474297555,402.4925,11.151087,50,304279.508955016,2144.1515338528106,141.91138,11.643207,49,504335.64596873196,3806.574900429325,132.49066,10.505121,1.2383128,0,1.1380854,0.4921198,0.6459656,,,0,,,,NOT_AVAILABLE,129.46267108944687,-0.949142410876471,51.729307003758976,45.947373490711136,100001,4896.75,4817.8335,4965.5,,,,,,,200111,23.273321,22.63332,24.042004,280.57126,235.19414,325.94836,http://geadata.esac.esa.int/data-server/datalink/links?ID=511264218210327424,,47,26.52545,61.22759
36,2.519224346934542E-5,1635721458409799680,Gaia DR2 511264218210327296,511264218210327296,874242278,2015.5,26.52040135626252,0.04107197605531292,61.228274559318905,0.05083852359222704,0.42022455935755104,0.059019778132180546,7.1200633,-0.6182056796605718,0.065572322978756,-0.37703442045613417,0.0944007532276487,0.019824972,-0.20903797,-0.748218,0.004043563,-0.024614535,-0.012922538,-0.6172224,0.2556849,-0.0053063026,-0.32118857,254,254,254,0,-0.46023586,238.2221,0.0,8.960891209418259E-16,31,true,190.94426,1.543094337595589,0.007829051461667402,0.005881158,29,10,0.060733076,0,33,true,275,6536792.9917015955,3605.3193682842916,1813.0968,8.649954,32,3094212.500030869,4761.4511465996275,649.84656,9.125012,32,5021125.670639215,7735.624976077676,649.0911,8.009917,1.2414862,0,1.1150951,0.47505856,0.6400366,81.75791259553027,1.838785860335093,9,5500.0,4.5,0.0,NOT_AVAILABLE,129.46009787076372,-0.9489599299577833,51.72677627031599,45.949259390014504,100001,4983.6665,4899.25,5174.0,,,,,,,200111,53.989773,50.09064,55.866344,1619.9948,1319.6138,1920.3757,http://geadata.esac.esa.int/data-server/datalink/links?ID=511264218210327296,,48,26.52036,61.22829
37,2.280084194981135E-4,1635721458409799680,Gaia DR2 511217660762484096,511217660762484096,1087122047,2015.5,26.619252111279586,0.01807752868268962,61.23067105237745,0.02132861103226265,0.3187919214129676,0.02982170593239485,10.689929,-1.3354874097616343,0.03173383682185427,-0.2873266626219004,0.04469285145697528,-0.45752624,-0.04941282,-0.57781446,0.33403227,0.032762907,0.3116735,-0.40779307,0.06495893,-0.026196124,-0.61168236,499,499,497,2,4.7545695,655.9154,0.0,0.0,31,true,253.04424,1.600564759815253,0.004640922832471101,-0.030437132,57,19,0.03678395,0,62,true,526,177225.84305898493,71.76317932598131,2469.593,12.567048,55,93755.05797853782,183.35061684774655,511.34302,12.921401,53,124112.1762301793,162.48470741256924,763.8391,12.027384,1.2293198,0,0.8940172,0.35435295,0.53966427,,,0,,,,NOT_AVAILABLE,129.5061048422285,-0.936580128756217,51.787322683503476,45.926979230770215,100001,5430.6665,5070.0,6120.7007,,,,,,,200111,9.515205,7.490696,10.917131,70.94856,60.288383,81.60874,http://geadata.esac.esa.int/data-server/datalink/links?ID=511217660762484096,,49,26.61878,61.23069
38,1.9575973235844878E-4,1635721458409799680,Gaia DR2 511217729481958400,511217729481958400,563182023,2015.5,26.60983888487337,0.020597668948018955,61.2327316394095,0.024769765209013046,0.3713967720155446,0.03650008669754981,10.17523,-1.200359598474915,0.035376638000684205,-0.0709622320209054,0.050846715506632945,-0.48026985,0.09914864,-0.58701235,0.37025523,0.021762488,0.34409264,-0.38984215,0.065812804,-0.0779147,-0.62599,448,448,447,1,0.53005826,457.26553,0.0,0.0,31,true,229.54085,1.5960633456580813,0.004989480426886866,0.025614591,51,16,0.039251525,0,58,false,474,161442.6911197237,55.61085227797419,2903.0789,12.66832,51,85378.22433866204,137.11949156474952,622.65564,13.023021,49,113417.188548702,109.64838590222433,1034.3717,12.125223,1.2313683,0,0.8977976,0.35470104,0.54309654,,,0,,,,NOT_AVAILABLE,129.50124041786952,-0.9355250210763719,51.783239861824896,45.93106641614927,100001,5461.915,5195.283,6218.0176,1.938,1.5534,2.1301,0.9757,0.7745,1.078,200111,7.6929874,5.935824,8.502888,47.453094,40.442535,54.463654,http://geadata.esac.esa.int/data-server/datalink/links?ID=511217729481958400,,50,26.60944,61.23277
39,1.7777529915993337E-4,1635721458409799680,Gaia DR2 511217725176130048,511217725176130048,1616741577,2015.5,26.600937096154013,0.01765979759942128,61.23384011637248,0.02111794626469827,0.3467891543396106,0.028418996774417407,12.2027235,-1.1120543889494112,0.030756732852222007,-0.15029346743284322,0.04442234658210398,-0.47905263,-0.048832253,-0.573164,0.36741018,0.108715676,0.33836177,-0.37432095,0.099994704,-0.114676796,-0.6098839,485,458,479,6,2.1834536,543.7252,0.0,1.3166102650418438E-15,31,false,220.15015,1.59756298513885,0.004393844525391136,-0.013005645,55,19,0.037588596,0,59,true,485,155833.25511586238,26.291043662550045,5927.2373,12.706716,52,81968.65700058699,108.08285096836728,758.38727,13.067268,49,109695.31401421843,64.6960687754545,1695.5483,12.161449,1.2299298,1,0.90581894,0.3605528,0.54526615,,,0,,,,NOT_AVAILABLE,129.49681835924974,-0.9353476911020338,51.77876164199724,45.934209661427445,100002,5668.63,5306.6,6519.6367,,,,,,,200111,7.444338,5.627759,8.49473,51.553635,44.540115,58.567154,http://geadata.esac.esa.int/data-server/datalink/links?ID=511217725176130048,,52,26.60057,61.23386
40,2.390063363497201E-5,1635721458409799680,Gaia DR2 511264424368755584,511264424368755584,1006191979,2015.5,26.483806138946854,0.018818482182354077,61.23480704900195,0.02350433871472843,0.3433855780077409,0.032227627219111765,10.655006,-1.0634602197494465,0.0359418873973729,-0.22321746095007994,0.05150862047141457,-0.3927214,-0.04052085,-0.5153363,0.3123299,0.1771947,0.26769492,-0.31914824,0.18096738,-0.19061747,-0.6423434,472,472,467,5,-1.051873,430.12183,0.0,0.0,31,true,202.20094,1.5405502685291372,0.005070060930117834,-0.0068312213,53,18,0.040916298,0,57,true,493,6739981.071836108,3646.3623284820687,1848.4124,8.616719,53,2980911.1009086487,4914.816374578406,606.51526,9.165516,55,5399338.820702558,9585.597699772883,563.2762,7.9310684,1.243364,0,1.2344475,0.54879665,0.6856508,,,0,,,,NOT_AVAILABLE,129.44150415808434,-0.946270643446191,51.7098270053353,45.96388882533866,100001,4921.96,4800.56,5114.0,,,,,,,200111,69.272446,64.16751,72.820366,2537.2778,2164.6704,2909.8853,http://geadata.esac.esa.int/data-server/datalink/links?ID=511264424368755584,,53,26.48382,61.23483
41,2.0114448111064855E-4,1635721458409799680,Gaia DR2 511217729481954816,511217729481954816,1676967853,2015.5,26.612125158883128,0.03372604085162267,61.23643654977513,0.03959590241271868,0.2694447124482209,0.05171836140653903,5.2098465,-1.0592938177252653,0.058904725531875084,-0.2810688736840401,0.08070413605134785,-0.46718428,-0.040467747,-0.59008455,0.3702496,0.064053565,0.35130844,-0.45527217,0.041930087,-0.0245193,-0.6096726,412,404,396,16,34.376823,2353.1836,0.17710793705461103,15.400901659225873,31,false,25.691553,1.568194323889509,0.008645668791619618,0.027597215,48,19,0.05771771,0,58,true,415,273203.8418475568,132.588529658417,2060.539,12.097149,52,140620.31155812513,223.94276556310544,627.9297,12.481268,51,196999.98630043096,272.3340715501414,723.3762,11.525755,1.2357817,0,0.955513,0.38411903,0.57139397,,,0,,,,NOT_AVAILABLE,129.50153184199917,-0.9316712021336088,51.78732316263348,45.93368775768915,100001,5223.5,4850.0,5403.4272,,,,,,,200111,15.320925,14.317578,17.771524,157.43855,115.99823,198.87888,http://geadata.esac.esa.int/data-server/datalink/links?ID=511217729481954816,,54,26.61171,61.23646
43,2.1391317974031238E-4,1635721458409799680,Gaia DR2 511217695122208640,511217695122208640,1075658170,2015.5,26.62764398531453,0.018322799062266602,61.24145138372886,0.022974887144950495,0.37003572585739763,0.03198541968417272,11.568888,-1.0651141375456654,0.032012113530546525,-0.07774225862570049,0.047111495546296414,-0.43947634,0.03510822,-0.5406231,0.3048743,0.06872332,0.2842988,-0.3834881,0.016022159,-0.010713352,-0.6035388,476,476,461,15,8.413324,759.25073,0.0,0.0,31,true,369.15436,1.5682006098734227,0.004611627903724729,-0.022367172,55,19,0.03720665,0,60,false,494,308793.0756943558,1306.0267442425543,236.43703,11.964197,52,155853.12961569472,1826.6132395663917,85.323555,12.369599,54,236164.58073359396,3997.839525485258,59.07305,11.328883,1.2695159,0,1.0407162,0.40540218,0.635314,,,0,,,,NOT_AVAILABLE,129.50776863648235,-0.9251891228087101,51.80023677597049,45.93417949567781,100001,5204.1997,5004.64,5423.0,,,,,,,200111,11.967002,11.0208235,12.940395,94.64142,81.80267,107.48016,http://geadata.esac.esa.int/data-server/datalink/links?ID=511217695122208640,,57,26.6272,61.24144
44,1.883678314401221E-4,1635721458409799680,Gaia DR2 511217763841681536,511217763841681536,33987988,2015.5,26.61025152981206,0.017574474026915213,61.244397801227926,0.021467431458245062,0.32092243412115534,0.029983593608072935,10.703268,-1.1352992242414617,0.03049262439168885,-0.21546594440634215,0.04272573689174738,-0.45115706,-0.012849533,-0.58163965,0.34777638,0.16405815,0.31859785,-0.39163744,0.09368679,-0.10611519,-0.621342,516,516,511,5,7.6415176,789.2012,0.0,0.0,31,true,323.7591,1.6202336959331125,0.004462238547254712,0.002239732,59,18,0.03541467,0,62,false,532,241444.69912883596,45.99032810407267,5249.902,12.231321,56,134063.58639208213,234.5731483893691,571.5214,12.533111,56,161119.63149494893,125.666656481524,1282.1191,11.744049,1.2225707,0,0.78906155,0.30178928,0.48727226,,,0,,,,NOT_AVAILABLE,129.49896591686738,-0.9240809500747497,51.792063403917666,45.940990275187964,100001,5989.8447,5802.5,6601.77,,,,,,,200111,8.887874,7.3165812,9.471062,91.61207,77.8898,105.334335,http://geadata.esac.esa.int/data-server/datalink/links?ID=511217763841681536,,58,26.60986,61.2444
45,4.1489893989897026E-5,1635721458409799680,Gaia DR2 511264458728491008,511264458728491008,321096453,2015.5,26.451589895003004,0.019055667091218004,61.24654326821888,0.02353022870546978,0.20864159071721752,0.03169368481543332,6.583065,-0.99413139491145,0.03373682840891643,-0.5782961700837935,0.048730579349748546,-0.44751775,0.027176838,-0.56402564,0.3325696,0.022974554,0.30824143,-0.40669206,0.063606836,-0.035420462,-0.61212575,525,525,500,25,20.549173,1462.5604,0.0,1.8397089067538368,31,true,348.45547,1.5838365292227752,0.004841372953418591,-0.0032270446,59,19,0.039007027,0,63,true,540,791877.2653011557,546.5730450425084,1448.8041,10.941721,58,402625.2253869894,668.9088477164792,601.91345,11.339136,56,562103.7024542973,786.70034249034,714.508,10.387379,1.2182809,1,0.95175743,0.39741516,0.55434227,,,0,,,,NOT_AVAILABLE,129.42388738428042,-0.9380408371955582,51.699326051994134,45.98190919071176,100002,5403.25,5370.6665,5460.5,1.9755,1.547,2.2535,0.99,0.741,1.132,200111,31.094273,30.445683,31.472712,742.4646,565.00586,919.92334,http://geadata.esac.esa.int/data-server/datalink/links?ID=511264458728491008,,59,26.45163,61.24658
47,1.5564912788031888E-4,1635721458409799680,Gaia DR2 511264699246655488,511264699246655488,1605172732,2015.5,26.599082370454198,0.023145294630826797,61.25825402591786,0.029618616125593515,0.37676298986923723,0.0380166457392275,9.910474,-1.0230779082635562,0.03880022364630915,-0.21266989132326192,0.05931155975237562,-0.4517847,0.023702173,-0.62055206,0.35563087,0.15572117,0.34298798,-0.47470558,0.025247216,-0.10277553,-0.6070105,487,487,481,6,4.8024096,639.2713,0.0,0.0,31,true,106.33763,1.5819657577509465,0.0060876269444089266,-0.030521486,55,18,0.0448279,0,64,false,525,9248218.946632735,5027.317651696997,1839.5931,8.27322,57,4654123.163909318,5487.56442663182,848.1218,8.681793,57,6595137.435215947,7155.489467806749,921.6892,7.7138605,1.2163705,0,0.9679327,0.40857315,0.55935955,,,0,,,,NOT_AVAILABLE,129.4907838874582,-0.9116742959887633,51.7956181231163,45.955644441182855,100001,5363.3335,5350.0,5382.0,,,,,,,200111,59.871567,59.456978,60.17037,2672.238,2271.9658,3072.5103,http://geadata.esac.esa.int/data-server/datalink/links?ID=511264699246655488,,63,26.59876,61.25824
48,2.634254301875316E-4,1635721458409799680,Gaia DR2 511217828255340672,511217828255340672,8496997,2015.5,26.643889067663572,0.018599414896666992,61.26249708863497,0.022250927994810474,0.3551981012911438,0.032843269745570565,10.814943,-1.0423989181892086,0.0303657183231104,-0.1852887635079037,0.043689875736295715,-0.44714856,0.08967879,-0.57686216,0.3115309,-0.03337212,0.2754525,-0.33100253,-0.08301949,0.11534214,-0.5790062,511,511,501,10,8.604814,818.44495,0.0,0.0,31,false,248.28188,1.602407516392949,0.00482035989017139,-0.014003914,58,19,0.03439587,0,62,true,525,4362329.033186384,1181.0707658171575,3693.5374,9.089069,58,2302412.5130236084,2125.8173158826494,1083.0717,9.4459305,60,2959887.6676996797,2809.5304798582347,1053.5168,8.583732,1.2063051,0,0.8621988,0.3568611,0.5053377,,,0,,,,NOT_AVAILABLE,129.51094384843447,-0.9029655192620337,51.825367093325966,45.94827113045699,100001,5779.5,5543.0,6457.5176,,,,,,,200111,36.854076,29.521257,40.06603,1365.296,1168.9938,1561.5983,http://geadata.esac.esa.int/data-server/datalink/links?ID=511217828255340672,,64,26.64335,61.26245
49,2.6465051591023E-4,1635721458409799680,Gaia DR2 511217832553148032,511217832553148032,889091406,2015.5,26.648059335029867,0.020635890491883555,61.26328292425941,0.026522328142647496,0.2737119954641397,0.03621829424833667,7.557286,-1.1578131347067546,0.03285381603590152,-0.33700965175099096,0.05080122260195844,-0.23497364,0.078892834,-0.6160663,0.17396271,-0.11073165,0.16971794,-0.48892766,-0.09662073,0.14809515,-0.45375744,415,415,408,7,6.6760163,622.90686,0.0,0.0,31,false,280.8657,1.595272498608839,0.006019500222588481,0.011668604,47,18,0.037587695,0,52,true,450,1662535.9598017186,6683.827358496935,248.74011,10.136438,44,856726.9354935697,7764.377462023335,110.34071,10.519282,47,1197292.9720784128,17656.429368038695,67.81059,9.566419,1.235474,0,0.9528637,0.38284397,0.5700197,,,0,,,,NOT_AVAILABLE,129.51273678803025,-0.9017722697031012,51.82842316056343,45.94792124027302,100001,5286.25,5066.84,5405.0,0.6658,0.236,1.938,0.418,0.1234,0.8982,200111,36.15638,34.585094,39.355553,919.71954,736.2933,1103.1458,http://geadata.esac.esa.int/data-server/datalink/links?ID=511217832553148032,,65,26.64752,61.26323
50,1.1131427816392774E-4,1635721458409799680,Gaia DR2 511264694938474368,511264694938474368,721040138,2015.5,26.581681007059846,0.02119689182179585,61.2635774630391,0.02599191746698042,0.3431705435259316,0.03467786944211667,9.895952,-1.1592249632445955,0.03626419608652213,-0.17817993959235764,0.05153336483378365,-0.5080558,-0.114616394,-0.6141529,0.37764505,0.27913356,0.3235673,-0.3238627,0.08454079,-0.09358981,-0.6478561,466,466,434,32,16.013111,1088.5233,0.0,0.0,31,false,398.5533,1.6153135881796288,0.0050548908947605185,-0.07531893,54,17,0.04071688,0,61,false,493,494627.9597145455,650.5091413744956,760.3705,11.452669,53,263139.55896416755,897.2352792401069,293.2782,11.800922,54,333474.8258086821,1196.7922917213575,278.64053,10.954263,1.2061882,0,0.84665966,0.34825325,0.4984064,,,0,,,,NOT_AVAILABLE,129.48147991758944,-0.9082387651620933,51.78919553684836,45.96449944849863,100001,5753.6665,5653.0,6176.2095,,,,,,,200111,12.970865,11.256783,13.436939,166.11595,140.46916,191.76274,http://geadata.esac.esa.int/data-server/datalink/links?ID=511264694938474368,,66,26.58145,61.26357
51,5.851928634481934E-5,1635721458409799680,Gaia DR2 511264939764819328,511264939764819328,1464501452,2015.5,26.52638902852013,0.018946722956709364,61.27525394589147,0.022264869858109736,0.3853644987486109,0.02973549971333668,12.959745,-1.0186130967017515,0.03223295996430825,-0.2000794305753276,0.04535185319856553,-0.4361975,0.00933644,-0.5957273,0.33259404,0.10541869,0.30570233,-0.3724294,0.0594115,-0.07822412,-0.57265925,490,490,460,30,14.593132,1051.2892,0.0,0.0,31,true,384.04855,1.5777252038348648,0.005114931294698999,-0.07112105,56,19,0.037111074,0,62,false,472,627731.9816601012,337.8655006346104,1857.9346,11.19393,51,313421.95597733074,466.9892643691668,671.15454,11.611065,47,453750.0418020022,304.1453165005917,1491.8856,10.619879,1.222133,1,0.99118614,0.41713524,0.5740509,,,0,,,,NOT_AVAILABLE,129.45303424277273,-0.9024252715870268,51.76494634099734,45.988137497261306,100002,5358.0,5339.0,5374.0,,,,,,,200111,15.285764,15.194879,15.394753,173.49216,151.96866,195.01566,http://geadata.esac.esa.int/data-server/datalink/links?ID=511264939764819328,,68,26.52628,61.27528
52,2.573115629907982E-4,1635721458409799680,Gaia DR2 511219378749345152,511219378749345152,1148072853,2015.5,26.640352625738107,0.01802530000256877,61.279916026028445,0.020289076440391605,0.3504299118663563,0.02878576793311825,12.173721,-1.1556335010284344,0.02797947533750934,-0.19428421449615907,0.03938383249907776,-0.40607378,0.21384133,-0.5700334,0.23795934,-0.055412654,0.23594691,-0.3699046,-0.09072628,0.054716922,-0.5243842,441,306,438,3,4.5279384,579.57306,0.0,1.4785736891062376E-15,31,false,180.28032,1.5955943404313078,0.004674152218609028,-0.03570795,50,19,0.03547964,0,55,true,447,134076.58171896037,41.021080948859925,3268.48,12.869984,51,70983.72860497377,102.82982640723908,690.3029,13.223491,46,93742.98865255942,53.50779073159471,1751.9503,12.332073,1.2286017,1,0.8914175,0.35350704,0.53791046,,,0,,,,NOT_AVAILABLE,129.50558822425074,-0.8863031928358608,51.836079934167515,45.96410910003082,100002,5447.84,5141.52,6123.207,2.0407,1.9246,2.2291,1.0215,0.9636,1.1231,200111,7.4743853,5.916519,8.391529,44.33462,37.810665,50.858578,http://geadata.esac.esa.int/data-server/datalink/links?ID=511219378749345152,,69,26.63983,61.27986
55,6.533573685578609E-5,1635721458409799680,Gaia DR2 511265141615069440,511265141615069440,1550196721,2015.5,26.52138329855163,0.03268518384868928,61.30763495142306,0.04142382340555832,0.3089258302784107,0.055973793521421705,5.5191154,-1.0579837962690286,0.05172413415120531,-0.20578762999517347,0.08045384944468453,0.059751157,0.008197869,-0.6025945,-0.04390683,0.038134407,-0.070769764,-0.42693675,0.11076206,-0.08148654,-0.30943877,211,211,209,2,3.8444142,291.07733,0.0,0.0,31,false,271.44284,1.589841296017957,0.0093243524689036,-0.040994056,25,12,0.050152853,0,26,true,197,1163752.993351995,274.7040569848928,4236.388,10.523714,24,592568.3133307392,577.3947504818179,1026.2793,10.919542,24,830279.0153663077,655.3892172713256,1266.8488,9.96386,1.2226369,0,0.95568275,0.39582825,0.5598545,,,0,,,,NOT_AVAILABLE,129.44387358791326,-0.8712738066927355,51.78585890532839,46.017177043846104,100001,5361.6665,5284.75,5454.0,,,,,,,200111,25.921017,25.050787,26.68104,500.2625,379.1239,621.4011,http://geadata.esac.esa.int/data-server/datalink/links?ID=511265141615069440,,73,26.52131,61.30769
56,1.4959173448192642E-4,1635721458409799680,Gaia DR2 511265970556959488,511265970556959488,994498208,2015.5,26.473899433222655,0.02256547670772543,61.32057315260541,0.026981801278344077,0.2412314814628023,0.03832393234550813,6.294539,-1.0308296508324972,0.038293515177808254,-0.5580973673115592,0.054268380996619965,-0.5035723,-0.034469783,-0.6138782,0.3606648,0.09777715,0.35249788,-0.48297662,-0.056201916,0.04097882,-0.6388591,436,436,429,7,14.266974,988.75934,0.0,0.0,31,false,305.6429,1.6410121787785137,0.005862665316453161,-0.03609187,50,17,0.041967075,0,57,false,458,2031571.0747407256,648.022646503822,3135.031,9.918786,53,1178409.9299956933,629.0639757822111,1873.2751,10.173147,54,1246917.823748232,610.2987582745444,2043.127,9.5223255,1.1938188,0,0.6508217,0.25436115,0.39646053,,,0,,,,NOT_AVAILABLE,129.4188703457748,-0.863407332898642,51.767229101288336,46.03997166482548,100001,6394.5,6277.3975,6516.0,1.354,0.9813,1.6051,0.691,0.4807,0.7941,200111,29.954016,28.84736,31.082003,1351.5471,1033.5859,1669.5083,http://geadata.esac.esa.int/data-server/datalink/links?ID=511265970556959488,,74,26.47384,61.32072
