source_id,ra,ra_error,dec,dec_error,parallax,parallax_error,phot_g_mean_mag,bp_rp,radial_velocity,radial_velocity_error,phot_variable_flag,teff_val,a_g_val
5.11189E+17,26.79569092,0.538876813,61.04312872,0.5838778,0.408293282,0.711326286,20.558304,1.9278336,,,NOT_AVAILABLE,,
5.11191E+17,26.45981664,0.049457764,61.04279525,0.055718937,0.402436444,0.079424068,17.23801,1.6999264,,,NOT_AVAILABLE,,
5.11185E+17,26.41602677,0.617434557,60.9674982,0.64098932,0.592616053,0.873609034,20.704094,1.8046665,,,NOT_AVAILABLE,,
5.11191E+17,26.49447205,0.328005437,60.98847081,0.362308921,1.678394829,0.511658259,20.113161,2.1264763,,,NOT_AVAILABLE,,
5.11193E+17,26.54472485,0.12808432,61.11356685,0.133126038,0.632832867,0.190500959,18.357338,1.4245548,,,NOT_AVAILABLE,,
5.11188E+17,26.80311747,0.36489623,60.98323719,0.431734991,-0.098959011,0.562476376,20.243416,1.6532421,,,NOT_AVAILABLE,,
5.11187E+17,26.68292354,0.045742513,60.98058038,0.056111089,0.497624457,0.079466577,17.18266,1.534935,,,NOT_AVAILABLE,,
5.11202E+17,27.0943449,0.178802635,61.10852744,0.220262672,0.928334885,0.345825909,19.427948,2.2978306,,,NOT_AVAILABLE,,
5.11189E+17,26.80576224,0.230007139,61.04449004,0.271795711,-0.530952948,0.355474353,19.684092,1.838028,,,NOT_AVAILABLE,,
5.11185E+17,26.38552608,0.166442331,60.98268155,0.192299467,2.816250789,0.296904784,17.783606,1.8274746,,,NOT_AVAILABLE,,
5.11189E+17,26.73747657,0.060853701,61.0499484,0.070991641,0.31072911,0.099171964,17.560474,1.5343208,,,NOT_AVAILABLE,,
5.11192E+17,26.60279645,0.332645934,61.05731507,0.351861631,0.446537707,0.490588858,20.117218,1.9680672,,,NOT_AVAILABLE,,
5.11209E+17,27.19424115,0.098610454,61.22771335,0.110010485,0.05264872,0.174035889,18.363337,1.6440125,,,NOT_AVAILABLE,,
5.11188E+17,26.87094902,0.056538936,61.03026417,0.067704408,0.546588369,0.092566163,17.490234,1.5911655,,,NOT_AVAILABLE,,
5.11189E+17,26.7110658,0.140051639,60.98515584,0.167142685,1.399376958,0.226109955,18.996218,2.311123,,,NOT_AVAILABLE,,
5.1119E+17,26.63330017,0.044642376,60.9793609,0.054842517,0.112413688,0.077678715,17.219221,1.8685799,,,NOT_AVAILABLE,,
5.1119E+17,26.54919027,0.597954191,61.00800533,0.588855729,0.910668342,0.769907474,20.57694,1.7506485,,,NOT_AVAILABLE,,
5.1119E+17,26.57216399,0.022860897,61.00570503,0.026747921,0.883487233,0.038833995,15.593461,1.4710159,,,NOT_AVAILABLE,4410.3335,1.5753
5.11193E+17,26.59555802,0.584395562,61.13086293,0.543176213,0.718218997,0.812823244,20.598825,1.85919,,,NOT_AVAILABLE,,
5.11191E+17,26.45300966,0.09985079,61.0095916,0.109860408,0.291439508,0.163311321,18.398245,1.5859623,,,NOT_AVAILABLE,,
5.11191E+17,26.50504066,0.189412376,61.05564565,0.203487921,0.269226411,0.289418802,19.387785,1.651331,,,NOT_AVAILABLE,,
5.11189E+17,26.75645514,0.094094548,61.06744761,0.102095347,0.480044532,0.142878398,18.157864,1.6966438,,,NOT_AVAILABLE,,
5.11187E+17,26.69683736,0.481498565,60.95649028,0.527081045,-0.356554191,0.649117285,20.51251,1.67272,,,NOT_AVAILABLE,,
5.11208E+17,27.1504876,0.253945929,61.19879489,0.289936564,0.279745646,0.474606855,19.868397,1.6017246,,,NOT_AVAILABLE,,
5.11186E+17,26.78270784,0.098672337,60.94111395,0.112453444,0.440057565,0.153036348,18.479916,1.815176,,,NOT_AVAILABLE,,
5.112E+17,27.02501598,0.017842979,61.07061185,0.021836487,0.59439869,0.030901668,12.9618025,2.1026669,-22.05514839,0.313398026,NOT_AVAILABLE,4048.08,1.8142
5.11188E+17,26.91024395,0.039714103,60.96921863,0.05102866,0.569836332,0.068503221,16.992468,1.5030994,,,NOT_AVAILABLE,4704.525,
5.11192E+17,26.56456144,0.191851123,61.05036383,0.209766385,-0.231224806,0.301194763,19.494015,1.8569927,,,NOT_AVAILABLE,,
5.11192E+17,26.66695055,0.26833698,61.01863081,0.311583201,-0.273634139,0.436607333,19.981495,1.8122444,,,NOT_AVAILABLE,,
5.112E+17,26.96154656,0.280243267,60.99278343,0.361190049,1.169412628,0.462718046,19.927258,1.9543133,,,NOT_AVAILABLE,,
5.11191E+17,26.50357007,0.190144908,61.0018412,0.220141609,0.475124273,0.315085699,19.49612,1.8266296,,,NOT_AVAILABLE,,
5.11202E+17,27.10424206,0.053683962,61.0679429,0.061400313,0.278538401,0.093919197,17.487106,1.6099949,,,NOT_AVAILABLE,,
5.11186E+17,26.66696228,0.142142185,60.89787614,0.170324239,0.21922408,0.234407402,19.133175,1.6958046,,,NOT_AVAILABLE,,
5.112E+17,27.0652676,0.191344575,61.07660831,0.229723965,0.397462355,0.351960021,19.64046,2.168373,,,NOT_AVAILABLE,,
5.11189E+17,26.6985483,0.079953715,61.0270412,0.096633837,0.283079256,0.131480724,18.088589,1.732378,,,NOT_AVAILABLE,,
5.11208E+17,27.1687462,0.141385159,61.19965383,0.156482059,0.715520642,0.258880415,18.950436,2.042591,,,NOT_AVAILABLE,,
5.11188E+17,26.75367429,0.368096702,61.00756398,0.401830334,0.161142281,0.561665948,20.23815,1.6236515,,,NOT_AVAILABLE,,
5.1119E+17,26.53907067,0.034745762,60.98071374,0.040204887,0.384498627,0.058715639,16.74924,1.3730812,,,NOT_AVAILABLE,4595.7197,2.095
5.11188E+17,26.78033783,0.013746717,61.00547648,0.016718615,0.294459068,0.023500397,14.285675,0.8528786,,,NOT_AVAILABLE,5668.6665,
5.112E+17,27.0777316,0.281567487,61.06891704,0.388908707,-0.656989311,0.581280581,15.458821,1.5600433,,,NOT_AVAILABLE,4332.6626,
5.11189E+17,26.79737834,0.131826809,61.02985974,0.147517822,-0.136272543,0.199633032,18.7681,1.7775307,,,NOT_AVAILABLE,,
5.11189E+17,26.66931215,0.308781232,61.00510996,0.367213146,0.721013884,0.510158272,20.08473,2.1541958,,,NOT_AVAILABLE,,
5.11185E+17,26.38296803,0.490801954,60.95336744,0.503595505,-0.868223766,0.714990093,20.544622,1.5481529,,,NOT_AVAILABLE,,
5.11192E+17,26.65867482,0.052914801,61.01824107,0.063873644,0.555913485,0.091742675,17.474916,1.6927185,,,NOT_AVAILABLE,,
5.11189E+17,26.7907158,0.197155314,61.02459458,0.236551646,0.530329696,0.326519687,19.051218,1.9711952,,,NOT_AVAILABLE,,
5.11202E+17,27.07655323,0.195464548,61.10755712,0.232379939,0.305909076,0.353566633,19.38531,2.132515,,,NOT_AVAILABLE,,
5.11191E+17,26.44029513,0.397248199,61.01751568,0.324236828,0.440100901,0.520110588,19.78869,,,,NOT_AVAILABLE,,
5.11184E+17,26.32399278,0.839725705,60.93176524,0.77318989,-1.017920354,1.059539314,20.852287,1.3150215,,,NOT_AVAILABLE,,
5.11187E+17,26.87379353,0.89216316,60.94553783,0.905804131,1.897151681,1.085945641,20.803467,1.6491566,,,NOT_AVAILABLE,,
5.11192E+17,26.60666502,0.470120318,61.02592902,0.577508683,0.040364806,0.843941855,20.021637,2.5535927,,,NOT_AVAILABLE,,
5.11191E+17,26.39335998,0.018778327,61.01920712,0.02277587,0.180559796,0.032513032,14.032815,2.5759249,-76.78311052,1.753498941,NOT_AVAILABLE,3654,2.076
5.11184E+17,26.31761419,0.422384825,60.94240319,0.436021579,0.550891553,0.645171277,20.301888,1.3965378,,,NOT_AVAILABLE,,
5.11189E+17,26.79252123,0.120038306,61.05002258,0.128668125,0.631881523,0.172107919,18.526167,1.7948399,,,NOT_AVAILABLE,,
5.112E+17,26.96245578,0.08047711,61.02035251,0.102911771,0.666000932,0.1392157,18.12348,1.6938686,,,NOT_AVAILABLE,,
5.1119E+17,26.55463837,0.754364006,61.04248559,0.734696548,0.618903921,1.079112386,20.782293,1.6292973,,,NOT_AVAILABLE,,
5.11209E+17,27.17847566,0.060849668,61.22835972,0.069632381,0.44219679,0.113149924,17.698843,1.6569328,,,NOT_AVAILABLE,,
5.1119E+17,26.58291389,0.360118195,61.01761647,0.376852809,0.360077279,0.518228237,20.167881,1.668333,,,NOT_AVAILABLE,,
5.11176E+17,26.93928193,0.162126932,60.97824403,0.211112731,-0.040106607,0.273236049,19.217379,1.8965054,,,NOT_AVAILABLE,,
5.11192E+17,26.56541367,1.175623191,61.04640378,1.325484872,-1.503270163,1.924001674,20.659025,1.8555145,,,NOT_AVAILABLE,,
5.1119E+17,26.57047008,0.253114049,60.99643785,0.288313666,-0.760343539,0.405748403,19.85924,2.1618023,,,NOT_AVAILABLE,,
5.11183E+17,26.54538529,0.089341028,60.89598307,0.106614726,0.353067599,0.150283743,18.288887,1.807661,,,NOT_AVAILABLE,,
5.112E+17,26.98056618,0.290633689,61.00005672,0.354951733,1.076827814,0.495068761,19.979649,1.6851978,,,NOT_AVAILABLE,,
5.11188E+17,26.79799028,0.033885696,60.97367914,0.041665852,0.27178093,0.056259147,16.586527,1.4554205,,,NOT_AVAILABLE,4423.25,
5.11188E+17,26.91945095,0.012891708,61.00313081,0.016546651,1.085777143,0.021499296,14.021094,1.0960598,,,NOT_AVAILABLE,5005.83,
5.112E+17,26.99072025,0.344721651,61.0320241,0.392836926,0.005733501,0.553070639,20.071882,1.7798538,,,NOT_AVAILABLE,,
5.1119E+17,26.62900571,0.535777117,60.99096509,0.559608708,0.520748405,0.82089418,20.637817,1.6362133,,,NOT_AVAILABLE,,
5.11183E+17,26.54313765,0.140267055,60.89721908,0.174358012,-0.21446628,0.246650602,18.960321,1.942543,,,NOT_AVAILABLE,,
5.11191E+17,26.47537007,0.493383669,61.01549564,0.478238829,1.194495153,0.685946124,20.413763,1.8027191,,,NOT_AVAILABLE,,
5.112E+17,27.01645676,0.035736019,61.07435209,0.042605689,0.291221103,0.063453609,16.836449,1.3922176,,,NOT_AVAILABLE,4528.0034,
5.11188E+17,26.72734473,0.118326235,60.98610312,0.117773793,-0.016852944,0.186508286,18.394444,,,,NOT_AVAILABLE,,
5.11188E+17,26.82495124,0.276096787,60.97291982,0.330926581,1.120681904,0.408903087,19.941088,1.6709061,,,NOT_AVAILABLE,,
5.11188E+17,26.8496491,0.200125571,60.98447132,0.237922713,0.464291093,0.313302823,19.407278,1.8235798,,,NOT_AVAILABLE,,
5.11187E+17,26.70648094,1.071081318,60.95437612,1.363515717,-0.256595702,1.465649114,20.967459,1.9333344,,,NOT_AVAILABLE,,
5.11189E+17,26.7104063,0.209274273,61.05391813,0.229992701,0.763387926,0.310001999,18.948668,1.8750973,,,NOT_AVAILABLE,,
5.1119E+17,26.58449581,0.04697068,60.97882604,0.056592627,0.09774066,0.081702858,17.30753,1.6843796,,,NOT_AVAILABLE,,
5.11202E+17,27.0547424,0.24869524,61.10747244,0.292394977,0.110847259,0.458931584,19.694067,1.817749,,,NOT_AVAILABLE,,
5.11188E+17,26.90754006,0.179444824,60.98561018,0.218406538,-0.080439493,0.286764001,19.415838,1.8596821,,,NOT_AVAILABLE,,
5.1119E+17,26.5601813,1.107095273,61.04270821,1.112983668,-0.985008989,1.534430466,20.99036,1.3149452,,,NOT_AVAILABLE,,
5.11188E+17,26.81187432,0.018865676,60.97265097,0.023879245,0.351395586,0.033040792,15.456012,0.94483566,,,NOT_AVAILABLE,5234.3335,
5.112E+17,27.03896664,0.129174317,61.07551449,0.153213391,0.372357345,0.230480448,18.973892,1.8490562,,,NOT_AVAILABLE,,
5.11188E+17,26.88333166,0.357877511,60.98517731,0.416171289,0.155950231,0.554826619,20.25644,1.7862415,,,NOT_AVAILABLE,,
5.11176E+17,26.95337429,0.155715312,60.98419852,0.195205186,0.225977497,0.25061938,19.139212,2.0235577,,,NOT_AVAILABLE,,
5.11187E+17,26.69917575,0.208933063,60.95193255,0.247075942,0.49579462,0.36598665,19.389046,1.777031,,,NOT_AVAILABLE,,
5.1119E+17,26.6068591,0.152174956,61.01811668,0.175528321,-0.164795917,0.249450639,18.99308,2.139555,,,NOT_AVAILABLE,,
5.11192E+17,26.61252804,0.138269411,61.02731942,0.148948624,-0.259221901,0.214819424,18.95378,1.7130184,,,NOT_AVAILABLE,,
5.11186E+17,26.75911809,0.145159169,60.94149968,0.169154627,0.213929311,0.233092845,18.863049,2.499609,,,NOT_AVAILABLE,,
5.11185E+17,26.38267082,0.030077451,60.98004748,0.036778882,1.065483746,0.05481,16.414276,1.4919081,,,NOT_AVAILABLE,4444,0.8445
5.11184E+17,26.45566725,0.243347058,60.93467841,0.284678488,0.352357554,0.395480587,19.830776,1.8492756,,,NOT_AVAILABLE,,
5.11189E+17,26.71282395,0.049216814,61.05334852,0.056323392,1.08522859,0.084026659,16.267359,,,,NOT_AVAILABLE,,
5.11186E+17,26.63539122,0.437103037,60.93297156,0.496262038,0.416670795,0.715984257,20.513988,1.530695,,,NOT_AVAILABLE,,
5.11188E+17,26.83774091,0.287662837,61.01330872,0.330167923,-0.574859621,0.483258803,19.977318,1.9744663,,,NOT_AVAILABLE,,
5.11188E+17,26.8869853,0.044408186,60.99277887,0.055704834,0.29215603,0.075777632,17.116495,1.3599796,,,NOT_AVAILABLE,,
5.1119E+17,26.57611709,0.148430648,61.02633005,0.155548343,0.283460753,0.214706548,18.893711,1.6117706,,,NOT_AVAILABLE,,
5.11189E+17,26.71706784,0.329076167,61.0231185,0.387594564,1.05934554,0.511268352,20.091358,1.8530769,,,NOT_AVAILABLE,,
5.11188E+17,26.86764592,0.03412869,61.00912606,0.041682136,0.316109912,0.058348162,16.553904,1.9455271,,,NOT_AVAILABLE,3910,
5.11184E+17,26.33989295,0.23787688,60.93216723,0.264359816,-0.364374335,0.37872384,19.849398,2.0817337,,,NOT_AVAILABLE,,
5.1119E+17,26.55583627,0.332369355,61.04187736,0.361402191,-0.257844071,0.521613614,20.195784,1.7991562,,,NOT_AVAILABLE,,
5.11191E+17,26.47768933,0.017095525,61.02035398,0.019984703,0.969745994,0.02983152,12.615755,0.8667669,,,NOT_AVAILABLE,5732.467,0.804
5.11188E+17,26.84405053,1.429357232,61.01143444,1.09448681,1.414708209,1.710820409,20.945274,1.4994316,,,NOT_AVAILABLE,,
5.11188E+17,26.83347276,0.053361692,60.96750404,0.063755261,0.33485916,0.084458717,17.261507,1.5306091,,,NOT_AVAILABLE,,
5.11189E+17,26.7568823,0.635511175,61.02328971,0.679465517,1.925386342,0.84717886,20.639227,1.4910641,,,NOT_AVAILABLE,,
5.11191E+17,26.48802309,0.167105947,61.06010661,0.172330321,-0.007695974,0.23822599,19.072483,1.6038074,,,NOT_AVAILABLE,,
5.11191E+17,26.50614354,0.164507834,61.02550167,0.177431963,0.428512602,0.246499649,19.135536,1.6842728,,,NOT_AVAILABLE,,
5.11187E+17,26.86744111,0.039417609,60.96661751,0.049249518,0.467023934,0.066108441,16.959724,1.5669594,,,NOT_AVAILABLE,4328.686,2.033
5.11202E+17,27.15213735,0.261850912,61.15760444,0.312021854,0.854904297,0.497920087,20.07174,1.8402214,,,NOT_AVAILABLE,,
5.11189E+17,26.75846697,0.828370664,61.02318231,0.724058599,0.457032024,1.216710302,20.794615,1.5602283,,,NOT_AVAILABLE,,
5.11193E+17,26.60726763,0.052644469,61.13444457,0.05772481,0.19503621,0.077852994,17.190804,1.4677315,,,NOT_AVAILABLE,,
5.1119E+17,26.5227707,0.062342589,61.0054343,0.071552596,0.476177287,0.108414862,17.682789,1.7958717,,,NOT_AVAILABLE,,
5.11208E+17,27.17351355,0.361811188,61.21279687,0.330546058,-0.081755081,0.45700661,17.68483,,,,NOT_AVAILABLE,,
5.1119E+17,26.54708905,0.313724787,61.03505962,0.333492098,0.62539643,0.460255356,20.054157,1.8687954,,,NOT_AVAILABLE,,
5.11187E+17,26.6555291,0.015845359,60.97419429,0.020095179,0.296185065,0.02778062,15.097489,1.169714,,,NOT_AVAILABLE,4922,
5.11189E+17,26.66220088,0.588592806,60.99945061,0.588487809,-0.45731578,0.840876788,20.695139,1.4754047,,,NOT_AVAILABLE,,
5.11191E+17,26.4474147,0.040836922,61.02330442,0.047469297,0.363419794,0.070763977,17.031204,1.3754749,,,NOT_AVAILABLE,4610,1.5685
5.11186E+17,26.58181762,0.616750556,60.90899749,0.720752831,-0.716058329,0.927506977,20.748535,1.4574146,,,NOT_AVAILABLE,,
5.11193E+17,26.57437583,0.109402025,61.09112672,0.111301233,0.052674208,0.159068495,18.342094,1.8227711,,,NOT_AVAILABLE,,
5.11176E+17,26.92224147,0.155890923,60.97082927,0.189818093,0.409062063,0.249626727,19.186865,1.8320599,,,NOT_AVAILABLE,,
5.11192E+17,26.60107742,0.130927048,61.06542134,0.130647159,0.37337815,0.194240934,18.644508,1.6851101,,,NOT_AVAILABLE,,
5.112E+17,26.99493443,0.131244368,61.03154472,0.153653906,0.267795307,0.207534621,18.822887,1.7014198,,,NOT_AVAILABLE,,
5.11188E+17,26.77291031,0.212337635,60.97223652,0.24792737,-0.506618849,0.333164381,19.669586,1.8512783,,,NOT_AVAILABLE,,
5.11208E+17,27.13528032,0.297690329,61.20864421,0.340663157,0.378526729,0.557222553,19.992182,2.0283318,,,NOT_AVAILABLE,,
5.1119E+17,26.52338397,0.106328579,60.97690427,0.113345523,0.15356756,0.168514693,18.526981,1.6782341,,,NOT_AVAILABLE,,
5.11188E+17,26.88309169,0.017308217,60.99415225,0.02143863,0.654843922,0.027906308,15.158162,1.3891973,,,NOT_AVAILABLE,4649.3765,
5.11193E+17,26.609108,0.345932271,61.14692088,0.353995089,-0.12389421,0.526802551,20.163256,2.0428982,,,NOT_AVAILABLE,,
5.11188E+17,26.8130437,0.391270525,60.98193877,0.419198313,0.64076129,0.595009637,20.187325,1.4268494,,,NOT_AVAILABLE,,
5.1119E+17,26.50186318,0.36456507,60.97792465,0.434507563,-0.725693994,0.612627624,20.12733,,,,NOT_AVAILABLE,,
5.11185E+17,26.43650998,0.356123802,60.94735861,0.385637067,2.132425698,0.515599855,20.266666,1.6100006,,,NOT_AVAILABLE,,
5.112E+17,26.97822451,0.499336127,61.01365042,0.603831512,1.073116694,0.860497585,20.553553,1.9468994,,,NOT_AVAILABLE,,
5.11176E+17,26.9095488,0.287493093,60.95734056,0.329647916,-0.081706595,0.438064848,19.863138,1.6664581,,,NOT_AVAILABLE,,
5.11187E+17,26.85502686,0.546801338,60.95854184,0.649055217,1.28928985,0.78893079,20.534626,1.7625656,,,NOT_AVAILABLE,,
5.11202E+17,27.07112408,0.01266438,61.10560193,0.015179008,1.382350522,0.021918896,14.06638,1.1663857,,,NOT_AVAILABLE,4926,0.765
5.11187E+17,26.85639766,0.036278549,60.96815751,0.04512533,0.271377559,0.060567889,16.84369,1.6407709,,,NOT_AVAILABLE,4211.25,
5.11192E+17,26.68368468,0.451346882,61.05400019,0.440722894,-0.42771913,0.555403552,20.251055,1.669735,,,NOT_AVAILABLE,,
5.112E+17,27.08486028,0.047745822,61.06449173,0.056703034,0.314853561,0.085219088,17.440554,1.4884968,,,NOT_AVAILABLE,,
5.11188E+17,26.87048107,0.153716629,61.01857806,0.174924404,0.364055379,0.227366951,19.027903,1.8411045,,,NOT_AVAILABLE,,
5.11191E+17,26.50816664,0.72470687,61.02452142,0.65307166,-1.50520853,0.909939418,20.781574,1.2729282,,,NOT_AVAILABLE,,
5.11193E+17,26.55623218,0.157493983,61.06551902,0.168521354,1.587562309,0.249186985,19.079138,2.6190968,,,NOT_AVAILABLE,,
5.11189E+17,26.75962434,0.105320146,61.04675852,0.122483659,0.29362107,0.152762989,18.220541,2.0382385,,,NOT_AVAILABLE,,
5.11202E+17,27.15792238,0.372797509,61.15037677,0.429951937,-1.565526897,0.716681734,20.365402,1.8119106,,,NOT_AVAILABLE,,
5.11185E+17,26.390477,0.278439979,60.96169959,0.314131374,1.584176926,0.44878335,19.946487,2.5843525,,,NOT_AVAILABLE,,
5.11191E+17,26.43775458,0.214794898,61.05956316,0.237584984,-0.168171375,0.357422623,19.608633,1.7106819,,,NOT_AVAILABLE,,
5.11191E+17,26.49710741,0.175087835,60.99221327,0.197361227,0.451014968,0.276544026,19.392271,2.013321,,,NOT_AVAILABLE,,
5.11193E+17,26.49458466,0.901850488,61.08395894,0.82079284,0.491733702,1.142075572,20.763115,1.3790607,,,NOT_AVAILABLE,,
5.112E+17,27.07325432,0.135222237,61.03185115,0.149699381,0.161192412,0.223751947,18.952082,1.8110542,,,NOT_AVAILABLE,,
5.11188E+17,26.88285769,0.563457989,61.01138533,0.62151041,1.402264813,0.893331714,20.615952,2.0929317,,,NOT_AVAILABLE,,
5.11191E+17,26.4698503,0.099918398,61.00483972,0.105837798,0.724296451,0.15303347,18.41517,1.878212,,,NOT_AVAILABLE,,
5.11188E+17,26.84245322,0.435336611,61.01467408,0.446849133,0.26600411,0.615011871,20.35075,1.893837,,,NOT_AVAILABLE,,
5.112E+17,27.02983805,0.166288458,61.02565178,0.204256382,0.288684271,0.286831538,19.167185,1.8655224,,,NOT_AVAILABLE,,
5.11192E+17,26.70229857,0.305023891,61.07196871,0.341161456,0.140747573,0.46019273,19.962288,1.9548359,,,NOT_AVAILABLE,,
5.11185E+17,26.36333463,0.013279975,60.98274381,0.014874788,0.302889084,0.021315435,13.99335,0.7541218,,,NOT_AVAILABLE,5906.6665,
5.11192E+17,26.68155045,0.859320843,61.10170685,0.75243751,3.922701741,1.022101186,20.738022,1.4695225,,,NOT_AVAILABLE,,
5.11192E+17,26.60783707,0.434326792,61.10063051,0.415307578,-1.06470076,0.590976506,20.189064,1.6812782,,,NOT_AVAILABLE,,
5.11209E+17,27.1983632,0.575984077,61.22630485,0.604033429,-1.264630951,1.040738575,20.616549,1.8301067,,,NOT_AVAILABLE,,
5.11191E+17,26.44758489,0.406495255,60.99969304,0.426396018,0.578446064,0.576532226,20.18591,1.5406609,,,NOT_AVAILABLE,,
5.11202E+17,27.04325386,0.041041528,61.10410027,0.049581025,0.568852671,0.072160977,16.975443,1.7431068,,,NOT_AVAILABLE,4198,
5.11189E+17,26.74070848,0.043270954,61.01789976,0.052681365,0.045272562,0.073868702,16.894003,2.3857927,,,NOT_AVAILABLE,3860.46,1.747
5.11202E+17,27.15838751,0.198523999,61.14909978,0.231517325,-0.658208843,0.375830838,19.629347,2.0564442,,,NOT_AVAILABLE,,
5.11192E+17,26.65687807,0.090067344,61.0284353,0.098710152,0.47486189,0.141069472,18.297567,1.7265434,,,NOT_AVAILABLE,,
5.11188E+17,26.88285486,0.414409405,61.01204026,0.451595541,0.165129127,0.626939197,20.358242,1.711895,,,NOT_AVAILABLE,,
5.11202E+17,27.10876202,0.20960616,61.15754644,0.249189173,0.472855012,0.381547731,19.601488,2.0424652,,,NOT_AVAILABLE,,
5.11193E+17,26.56051175,0.156280074,61.12855113,0.174105112,0.771856183,0.248620684,18.718882,1.803091,,,NOT_AVAILABLE,,
5.11183E+17,26.56508888,0.508543163,60.90676573,0.548856423,1.067865141,0.878811078,20.535034,1.6177845,,,NOT_AVAILABLE,,
5.11202E+17,27.10921392,0.08304316,61.09160774,0.094894798,0.153254043,0.143487952,18.166096,1.7117081,,,NOT_AVAILABLE,,
5.11193E+17,26.56500119,1.078940229,61.08863308,0.857365745,-0.094151834,1.143776875,20.901796,1.7017536,,,NOT_AVAILABLE,,
5.11189E+17,26.81031831,0.074672627,61.03129821,0.089541119,0.087623774,0.121922975,18.052174,1.9359379,,,NOT_AVAILABLE,,
5.11188E+17,26.82859562,0.128855131,60.96563805,0.16145514,-0.513168313,0.216749468,18.130568,1.7425175,,,NOT_AVAILABLE,,
5.11193E+17,26.49198268,0.109226931,61.09584143,0.112803382,-0.113463376,0.170477425,18.526669,2.668892,,,NOT_AVAILABLE,,
5.11191E+17,26.44078393,0.869255345,60.99868292,0.794423252,0.772611285,1.029624008,20.758213,1.3760262,,,NOT_AVAILABLE,,
5.1119E+17,26.54824811,0.643632943,61.03546314,0.619324763,1.006629583,0.891622254,20.401825,0.44652176,,,NOT_AVAILABLE,,
5.11185E+17,26.37204367,0.595307918,60.97858421,0.568819328,0.366569496,0.694324827,20.356737,1.5129452,,,NOT_AVAILABLE,,
5.11191E+17,26.49667309,0.095333745,61.02547789,0.097497385,0.631567839,0.144621595,18.239153,1.550066,,,NOT_AVAILABLE,,
5.11202E+17,27.11842541,0.10304143,61.11174262,0.116993969,0.345249805,0.181992498,18.43795,1.8681755,,,NOT_AVAILABLE,,
5.11184E+17,26.46273084,0.187640729,60.93842199,0.222326097,0.575720693,0.29990057,19.521084,1.8113766,,,NOT_AVAILABLE,,
5.11189E+17,26.7118102,0.134725852,61.0092245,0.152705056,0.626306234,0.208125019,18.777363,1.7213669,,,NOT_AVAILABLE,,
5.11176E+17,26.9483196,0.334018023,60.98231607,0.421400713,0.831604797,0.543577365,20.149054,1.6986713,,,NOT_AVAILABLE,,
5.11192E+17,26.69989001,0.581942123,61.07106752,0.562974463,1.581415026,0.862083195,20.627083,1.6635094,,,NOT_AVAILABLE,,
5.11191E+17,26.49939946,0.116968183,61.02240489,0.122354292,0.146946061,0.177108219,18.615217,1.5694427,,,NOT_AVAILABLE,,
5.11193E+17,26.53613937,0.201332662,61.12557429,0.219196673,0.532081692,0.311865258,19.45548,1.967022,,,NOT_AVAILABLE,,
5.11187E+17,26.85234627,0.043066123,60.96517184,0.05293922,0.367110862,0.069845614,17.112371,1.593977,,,NOT_AVAILABLE,,
5.11176E+17,26.92784841,0.452738341,60.98079688,0.439352745,4.193497601,0.645857557,12.865801,,,,NOT_AVAILABLE,,
5.11185E+17,26.43375526,0.150872096,60.93929126,0.186316914,-0.154527011,0.25193668,19.188843,1.6490097,,,NOT_AVAILABLE,,
5.11189E+17,26.80639748,0.796129121,61.0483575,0.776422837,0.576724266,1.145974525,20.685791,,,,NOT_AVAILABLE,,
5.11188E+17,26.90571098,0.033184236,60.96490316,0.042001516,0.256418954,0.056287769,16.607574,1.2925596,,,NOT_AVAILABLE,4779.5,
5.11185E+17,26.39318348,0.013617054,60.9797851,0.016175845,0.33114548,0.025613204,14.35554,0.8281536,,,NOT_AVAILABLE,5695,
5.11188E+17,26.93061039,0.389562654,61.00274645,0.435833415,0.202249047,0.564190084,20.303919,1.5931473,,,NOT_AVAILABLE,,
5.11191E+17,26.42988724,1.10247707,61.04381684,1.035808543,-1.560560226,1.731268195,20.924908,1.6811638,,,NOT_AVAILABLE,,
5.1119E+17,26.61955406,0.833643839,60.98798912,0.984179715,1.47014317,1.600120187,20.844025,,,,NOT_AVAILABLE,,
5.11189E+17,26.5661835,1.310075244,60.91603431,1.311201836,3.439739519,2.340574457,20.898666,1.3781548,,,NOT_AVAILABLE,,
5.11189E+17,26.71581722,0.522343849,61.01577928,0.616929679,0.940345889,0.78045058,20.493547,1.6823063,,,NOT_AVAILABLE,,
5.11191E+17,26.42528214,0.751043283,60.99058818,0.709946065,-1.497330277,0.992693339,20.78394,1.6587658,,,NOT_AVAILABLE,,
5.11188E+17,26.7681894,0.102161846,60.97632274,0.11839876,0.713063612,0.159091744,18.524313,1.6928253,,,NOT_AVAILABLE,,
5.11193E+17,26.57285975,0.113707464,61.13384674,0.123370371,0.588866098,0.189010668,18.377762,1.6139278,,,NOT_AVAILABLE,,
5.11193E+17,26.59404553,0.346123224,61.14259578,0.372188174,-0.03676223,0.503088164,19.664751,2.2593822,,,NOT_AVAILABLE,,
5.11188E+17,26.76583841,0.073880513,60.97736617,0.088216817,0.592259202,0.119319888,17.916338,1.7300034,,,NOT_AVAILABLE,,
5.11189E+17,26.73554358,0.083507666,61.01642169,0.100109725,0.15396802,0.136806269,18.18037,1.8645535,,,NOT_AVAILABLE,,
5.11191E+17,26.48893502,0.497583042,61.01369222,0.490941436,0.043598127,0.674333241,20.327787,1.421318,,,NOT_AVAILABLE,,
5.1119E+17,26.54419582,0.642440792,61.03195424,0.643822034,2.331595886,0.901077036,20.738068,1.4969063,,,NOT_AVAILABLE,,
5.11188E+17,26.82098887,0.067557724,60.96666599,0.08227702,1.269089032,0.111322719,17.801863,2.083994,,,NOT_AVAILABLE,,
5.11194E+17,26.56669159,0.067050258,61.14171106,0.073897142,0.303390928,0.096444222,17.35813,1.5358047,,,NOT_AVAILABLE,,
5.1119E+17,26.63468923,0.014095521,61.00416958,0.017252267,0.651088719,0.026606476,14.698719,1.428113,,,NOT_AVAILABLE,4572.853,
5.11189E+17,26.8057144,0.122030216,61.01753064,0.136729999,0.488951455,0.187156267,18.704094,2.0514622,,,NOT_AVAILABLE,,
5.11189E+17,26.69561429,0.011793445,61.02094145,0.01505666,1.007788441,0.020064446,13.346211,0.9461336,,,NOT_AVAILABLE,5333.1367,
5.1119E+17,26.59435158,0.043451849,60.97285294,0.053233172,0.358885079,0.075324323,17.199083,1.5892925,,,NOT_AVAILABLE,,
5.11191E+17,26.39875368,0.104866177,61.00926325,0.109116516,0.230569546,0.147399491,18.325237,1.5692043,,,NOT_AVAILABLE,,
5.11184E+17,26.50822647,0.054248196,60.92489232,0.066113582,0.235971166,0.092102065,17.569757,1.5517616,,,NOT_AVAILABLE,,
5.11188E+17,26.86030084,0.326701338,61.0118209,0.381739148,-0.371088233,0.500320249,20.130417,1.5238705,,,NOT_AVAILABLE,,
5.11202E+17,27.15940603,0.231002588,61.11313759,0.265006593,0.287751466,0.404028894,19.649273,1.8740654,,,NOT_AVAILABLE,,
5.11193E+17,26.6075215,0.028666714,61.13829095,0.031735284,0.400184677,0.045266082,15.998634,1.1625319,,,NOT_AVAILABLE,4962.027,
5.11189E+17,26.76484474,0.257211539,61.06154345,0.287844414,0.61399289,0.384365339,19.79235,2.0124702,,,NOT_AVAILABLE,,
5.11184E+17,26.41457913,0.040916287,60.91342543,0.050105723,0.822262991,0.075343847,17.103094,1.7546749,,,NOT_AVAILABLE,,
5.11188E+17,26.8283677,0.091543401,61.02802268,0.106643765,0.333834642,0.146276687,18.287535,1.8858681,,,NOT_AVAILABLE,,
5.1119E+17,26.45562663,0.973860462,60.97646258,0.85945579,0.299200635,0.947401,20.236217,,,,NOT_AVAILABLE,,
5.1119E+17,26.59038002,0.031371053,60.97315617,0.039161661,0.39147518,0.055298045,16.652142,1.4278908,,,NOT_AVAILABLE,4406.9375,2.046
5.11188E+17,26.75847079,0.10021471,60.96862122,0.119276268,0.550860388,0.170315466,18.413204,1.7950077,,,NOT_AVAILABLE,,
5.11193E+17,26.61184604,0.019520837,61.12825289,0.022392311,0.327863041,0.031332011,10.487326,0.96402264,,,NOT_AVAILABLE,5327.375,
5.11189E+17,26.79506767,0.157129678,61.06540683,0.17725909,0.160276193,0.245866131,19.070904,1.920084,,,NOT_AVAILABLE,,
5.11188E+17,26.88733351,0.052415161,60.98023822,0.06345005,0.398438126,0.084825135,17.437992,1.5029469,,,NOT_AVAILABLE,,
5.11209E+17,27.16774376,0.280850956,61.22661385,0.313336064,0.333472094,0.526420622,19.841042,2.1702423,,,NOT_AVAILABLE,,
5.11189E+17,26.78140415,0.334885157,61.06529375,0.374513723,0.156239382,0.492414169,19.974318,2.0025215,,,NOT_AVAILABLE,,
5.11189E+17,26.76561164,0.823915443,61.0630739,0.755837647,1.059882592,0.905739488,20.693998,1.6684074,,,NOT_AVAILABLE,,
5.11202E+17,27.11095659,0.278391453,61.14949916,0.326339977,-0.960185613,0.528739063,19.934776,2.4070187,,,NOT_AVAILABLE,,
5.11187E+17,26.60907768,0.34560595,60.94445662,0.387399162,0.061387835,0.520128371,20.248003,1.9974308,,,NOT_AVAILABLE,,
5.112E+17,27.06140181,0.109004236,61.02587875,0.12165426,-0.10125222,0.184555312,18.72155,1.7333145,,,NOT_AVAILABLE,,
5.11189E+17,26.72451743,0.058738264,61.0638557,0.069239765,0.312437464,0.095053253,17.467377,2.1796322,,,NOT_AVAILABLE,,
5.11188E+17,26.86368894,0.102249324,61.02873117,0.118394004,0.140371412,0.156340682,18.34401,1.6672077,,,NOT_AVAILABLE,,
5.11193E+17,26.52663152,0.308763707,61.06798317,0.321865742,0.416718043,0.46321781,20.106014,1.8195171,,,NOT_AVAILABLE,,
5.11191E+17,26.4623204,0.067783778,61.05224805,0.075553351,0.279304921,0.112157629,17.87294,1.680357,,,NOT_AVAILABLE,,
5.11184E+17,26.51355292,0.66362518,60.90892656,0.713403727,0.736173042,1.044112891,20.722174,1.8333569,,,NOT_AVAILABLE,,
5.11187E+17,26.8049385,0.552882186,60.95882054,0.574295877,1.470525647,0.853088152,20.636599,1.7019405,,,NOT_AVAILABLE,,
5.11192E+17,26.73396689,0.167266286,61.08831254,0.179282318,0.625855286,0.23981286,19.080196,1.7740421,,,NOT_AVAILABLE,,
5.1119E+17,26.61346616,1.052404356,60.97541466,1.250918452,5.150266388,1.999367607,19.624975,2.541851,,,NOT_AVAILABLE,,
5.11189E+17,26.55531259,0.279708516,60.93258322,0.327855805,-0.058237061,0.402777323,19.715582,,,,NOT_AVAILABLE,,
5.11192E+17,26.64861118,0.808164543,61.06348082,0.576982822,1.442941946,0.945535384,19.677927,,,,NOT_AVAILABLE,,
5.11186E+17,26.64330871,0.56690331,60.89637097,0.625531998,1.54496046,0.900859432,20.720644,1.9846592,,,NOT_AVAILABLE,,
5.112E+17,27.00526835,0.17504141,61.06891375,0.219618421,0.75112908,0.319384269,19.502739,1.8243008,,,NOT_AVAILABLE,,
5.11189E+17,26.7481703,0.597361712,61.07285183,0.61807637,0.902306297,0.815368897,20.559008,1.5199699,,,NOT_AVAILABLE,,
5.11189E+17,26.72315011,0.820367382,61.07035868,0.736839793,1.456138961,1.177214668,20.828794,2.0863266,,,NOT_AVAILABLE,,
5.11187E+17,26.64415892,0.277816461,60.95811609,0.349027251,0.332530327,0.471002601,20.039568,1.7237816,,,NOT_AVAILABLE,,
5.11188E+17,26.8832979,0.056370893,60.97923003,0.067096752,1.379739008,0.090001623,17.554419,2.0478745,,,NOT_AVAILABLE,,
5.11186E+17,26.65189693,0.064872376,60.89456069,0.078200469,0.455323947,0.109681685,17.728642,1.563057,,,NOT_AVAILABLE,,
5.11191E+17,26.49825611,0.415165841,61.01379631,0.411711795,0.2509534,0.585808378,20.325441,1.8202877,,,NOT_AVAILABLE,,
5.11202E+17,27.15365228,0.190536766,61.11225015,0.214270248,0.473101115,0.354808482,19.451185,2.1419888,,,NOT_AVAILABLE,,
5.11193E+17,26.52828333,0.299135639,61.09477263,0.329720835,0.499332219,0.488792797,20.002989,2.1000156,,,NOT_AVAILABLE,,
5.11191E+17,26.4631289,1.275751428,60.99626007,1.41727956,-0.581513086,1.53264907,20.989244,1.3176823,,,NOT_AVAILABLE,,
5.11188E+17,26.8302309,1.224820091,61.0232281,1.077270891,2.893403797,1.733475617,20.976448,1.9065781,,,NOT_AVAILABLE,,
5.1119E+17,26.53916863,0.310616384,61.01322948,0.329156101,0.923503404,0.482770389,20.094692,1.7753315,,,NOT_AVAILABLE,,
5.11202E+17,27.09457369,0.596868619,61.08477174,0.735652538,-1.014897459,1.145235934,20.757433,2.0036774,,,NOT_AVAILABLE,,
5.11184E+17,26.31846644,0.08116035,60.91631493,0.093729089,0.392094154,0.139686279,18.144106,1.6832447,,,NOT_AVAILABLE,,
5.11186E+17,26.75231113,0.080497979,60.93719248,0.095073799,0.091426769,0.131145012,18.205025,1.7817974,,,NOT_AVAILABLE,,
5.11192E+17,26.6403985,0.057967938,61.02435001,0.068004146,0.621049961,0.098446897,17.564407,1.5346985,,,NOT_AVAILABLE,,
5.11202E+17,27.13574835,0.231945349,61.12055176,0.274957094,0.985268153,0.426708527,19.670319,2.1392708,,,NOT_AVAILABLE,,
5.11201E+17,27.11813917,0.108895181,61.06716169,0.122433619,0.448917738,0.188646075,18.678463,1.8799667,,,NOT_AVAILABLE,,
5.11192E+17,26.66600805,0.749042437,61.04880072,0.809054586,1.679667217,0.943808848,20.731375,1.7143497,,,NOT_AVAILABLE,,
5.11193E+17,26.6185368,0.2318287,61.13791479,0.260944679,0.111962008,0.383794068,19.595615,2.5483646,,,NOT_AVAILABLE,,
5.1119E+17,26.57723726,0.010930321,60.98864048,0.013252468,0.375526527,0.019780503,13.701248,0.9040003,,,NOT_AVAILABLE,5616.75,1.97
5.11188E+17,26.8321193,0.452983471,61.02237284,0.485301077,-0.691784954,0.630701157,20.40846,1.6531429,,,NOT_AVAILABLE,,
5.11189E+17,26.77980964,0.152691214,61.06092556,0.1649118,1.800198629,0.226214179,18.802488,2.8069,,,NOT_AVAILABLE,,
5.11185E+17,26.38726323,0.531279188,60.97872148,0.503548828,0.840276368,0.727715382,20.496416,1.6323147,,,NOT_AVAILABLE,,
5.11188E+17,26.91144259,0.301102433,60.98941158,0.361283103,0.035515073,0.476223439,20.041582,1.7852268,,,NOT_AVAILABLE,,
5.11188E+17,26.7621924,0.175956567,60.98513968,0.211877054,-0.036704721,0.278452926,19.324013,1.6668224,,,NOT_AVAILABLE,,
5.11187E+17,26.60141582,0.20162568,60.93449859,0.242032408,0.049448954,0.328662253,19.627481,1.8742428,,,NOT_AVAILABLE,,
5.11185E+17,26.37658229,0.313327521,60.94271861,0.333686447,0.728126711,0.510179447,19.928883,0.9667301,,,NOT_AVAILABLE,,
5.11188E+17,26.92686578,0.64657638,60.99347853,0.727190601,0.757953661,0.84744401,20.648846,1.7027168,,,NOT_AVAILABLE,,
5.1119E+17,26.59492372,0.761964737,60.97690102,0.802485693,-0.086854751,0.98798391,20.844948,1.6008549,,,NOT_AVAILABLE,,
5.11184E+17,26.48257779,0.305991161,60.9031882,0.359437942,-0.084068799,0.488028138,20.148373,1.2240562,,,NOT_AVAILABLE,,
5.11188E+17,26.83540864,0.278355083,61.02002763,0.332475863,-0.097512309,0.442231476,19.945482,1.7813835,,,NOT_AVAILABLE,,
5.11192E+17,26.62503582,0.320559806,61.02311798,0.338869568,-0.017384033,0.472306103,20.099665,1.8468952,,,NOT_AVAILABLE,,
5.11185E+17,26.35887991,1.301026932,60.96876262,1.138225641,1.559854482,1.830879246,20.913874,1.2731533,,,NOT_AVAILABLE,,
5.1119E+17,26.57157901,0.704917279,61.03543371,0.641419945,1.228015023,0.889808527,20.720407,1.5480003,,,NOT_AVAILABLE,,
5.11188E+17,26.82953252,0.015305002,60.98256111,0.018940927,0.314169889,0.025549843,14.927742,0.87065506,,,NOT_AVAILABLE,5680,
5.11202E+17,27.11857949,0.520617209,61.08544377,0.582500448,1.907430882,0.944908842,20.566608,2.1116428,,,NOT_AVAILABLE,,
5.11202E+17,27.10483983,0.033991598,61.09316719,0.03966519,0.121989941,0.059428185,16.341984,2.4539824,,,NOT_AVAILABLE,3603.5,2.2657
5.11184E+17,26.50070765,0.856648354,60.9076596,1.055071034,0.654405675,1.208712697,20.91536,1.6351719,,,NOT_AVAILABLE,,
5.11192E+17,26.65978869,0.715162981,61.04497301,0.694996934,-0.858564856,0.893726352,20.668573,1.6427689,,,NOT_AVAILABLE,,
5.11191E+17,26.44639766,0.052691664,60.99322001,0.057977635,0.403849299,0.086566707,17.41966,1.5265636,,,NOT_AVAILABLE,,
5.1119E+17,26.6382156,0.023079602,60.99840064,0.028010247,0.502236378,0.040647976,15.890929,1.4121265,,,NOT_AVAILABLE,4415.25,
5.11194E+17,26.51501906,0.070279583,61.14114524,0.077702909,0.738992362,0.109173706,17.77694,1.8035545,,,NOT_AVAILABLE,,
5.11193E+17,26.62578414,0.089841099,61.13924123,0.095867923,0.427557344,0.145020649,18.205679,1.6914825,,,NOT_AVAILABLE,,
5.11192E+17,26.65636695,0.643863971,61.04426812,0.646125319,-0.200209065,0.8695688,20.698017,1.6704941,,,NOT_AVAILABLE,,
5.11189E+17,26.69735388,0.062359736,61.01644026,0.074819346,0.303240694,0.103582679,17.720877,1.5790157,,,NOT_AVAILABLE,,
5.1119E+17,26.55276081,0.472836842,61.03049875,0.429882636,0.784850928,0.589944274,20.370872,1.9494514,,,NOT_AVAILABLE,,
5.11189E+17,26.69894927,0.129663059,61.01189103,0.14908646,0.076428586,0.21017281,18.794987,1.7834682,,,NOT_AVAILABLE,,
5.11191E+17,26.50496652,0.29576615,61.06049267,0.331658118,0.737027139,0.480518167,19.924164,1.9989014,,,NOT_AVAILABLE,,
5.11193E+17,26.58867939,0.020672648,61.13939719,0.023594615,0.364200205,0.030983309,15.106936,1.1163797,,,NOT_AVAILABLE,5011.0225,
5.11185E+17,26.38809442,0.185832328,60.99192851,0.205469687,0.551652127,0.290770546,19.421852,1.7305126,,,NOT_AVAILABLE,,
5.11185E+17,26.34992457,1.111597782,60.96439552,1.176819907,-2.912788605,1.332704032,20.695723,1.8455257,,,NOT_AVAILABLE,,
5.11189E+17,26.75321792,0.128826309,61.06450049,0.139951828,0.365370229,0.19181384,18.64966,1.6609917,,,NOT_AVAILABLE,,
5.11187E+17,26.65768861,0.090779781,60.9351162,0.105443466,1.138097015,0.150660123,18.281105,2.2673016,,,NOT_AVAILABLE,,
5.1119E+17,26.56528181,0.052975456,60.99982757,0.061606543,0.446962244,0.092132199,17.48554,1.7302876,,,NOT_AVAILABLE,,
5.11209E+17,27.16465732,0.507830183,61.23201323,0.518844656,-0.204778366,0.876209366,20.482851,1.6231728,,,NOT_AVAILABLE,,
5.11189E+17,26.74887697,0.080523466,61.06450965,0.092268424,0.128754558,0.123736891,18.049635,1.6957474,,,NOT_AVAILABLE,,
5.11189E+17,26.80409615,0.268468641,61.02855358,0.329925454,0.30007131,0.432590701,19.88592,1.9355297,,,NOT_AVAILABLE,,
5.11188E+17,26.87441446,0.223339701,60.97930495,0.282681167,0.581211152,0.334776672,19.603317,2.097538,,,NOT_AVAILABLE,,
5.11191E+17,26.43758593,0.158844079,61.05768606,0.16421898,0.83812796,0.251237467,18.977158,1.6652126,,,NOT_AVAILABLE,,
5.11191E+17,26.46378766,1.146125371,61.0584344,1.17732624,-5.89927245,1.80345428,20.947012,1.9963207,,,NOT_AVAILABLE,,
5.11192E+17,26.62474336,0.521550644,61.03261327,0.500236936,-0.513031554,0.788349135,20.552662,1.232666,,,NOT_AVAILABLE,,
5.11188E+17,26.88547303,0.341239198,60.98742961,0.411532025,-0.912385718,0.538069272,20.200108,1.7926121,,,NOT_AVAILABLE,,
5.11202E+17,27.1221461,0.898152901,61.12991415,1.014266151,2.370986118,1.56432466,20.982792,2.0553226,,,NOT_AVAILABLE,,
5.11202E+17,27.15808897,0.112442799,61.14844932,0.125236758,0.790220714,0.199600457,18.563993,1.998333,,,NOT_AVAILABLE,,
5.11191E+17,26.47591454,0.906149589,60.99703295,1.005115002,-0.023865257,1.187092866,20.846598,1.486824,,,NOT_AVAILABLE,,
5.11208E+17,27.16730808,0.399265762,61.20340065,0.427265563,-0.4156829,0.707623111,20.278996,2.0632381,,,NOT_AVAILABLE,,
5.11189E+17,26.70961845,0.57827001,60.99636126,0.670847503,0.398805064,0.928782746,20.610106,2.0875149,,,NOT_AVAILABLE,,
5.11188E+17,26.89950764,0.029152497,60.9917228,0.035784956,0.313596305,0.048458448,16.35978,1.094368,,,NOT_AVAILABLE,5039,
5.1119E+17,26.54331872,0.177047714,61.02353451,0.203302743,0.485024159,0.290410264,19.343245,1.9542255,,,NOT_AVAILABLE,,
5.11191E+17,26.40105341,0.300368435,61.00365093,0.370985349,1.129809982,0.550752544,19.364784,1.8730965,,,NOT_AVAILABLE,,
5.11192E+17,26.66856965,0.412566282,61.04790905,0.432238903,0.348128645,0.609906532,20.268042,1.7643299,,,NOT_AVAILABLE,,
5.11185E+17,26.41249357,0.629331872,60.94630847,0.632490764,-0.923220671,0.972415682,20.726027,1.4629765,,,NOT_AVAILABLE,,
5.11191E+17,26.4320808,0.461431523,61.01924882,0.45946113,0.422735482,0.66181707,20.384607,1.7309628,,,NOT_AVAILABLE,,
5.11202E+17,27.11799395,0.508949273,61.13410132,0.591920196,1.686885477,0.909026075,20.579264,1.5806618,,,NOT_AVAILABLE,,
5.11202E+17,27.0718312,0.248531078,61.1421206,0.297901152,0.557571385,0.475112505,19.839273,2.6828308,,,NOT_AVAILABLE,,
5.11188E+17,26.71331802,0.150883539,60.97761763,0.179270632,0.52573984,0.243580967,19.112633,1.9220676,,,NOT_AVAILABLE,,
5.11189E+17,26.57989844,0.585074729,60.92655352,0.622462691,1.782122676,0.924977534,20.624645,2.1806755,,,NOT_AVAILABLE,,
5.11208E+17,27.15292258,0.183547627,61.20305213,0.206888844,0.679347623,0.335242717,19.387674,1.9530697,,,NOT_AVAILABLE,,
5.11189E+17,26.5972274,0.450348367,60.93716916,0.4882738,-0.086544414,0.672399254,20.491861,1.6931629,,,NOT_AVAILABLE,,
5.11188E+17,26.75019018,0.414389787,61.00359923,0.419851652,0.38981014,0.588923038,20.251007,,,,NOT_AVAILABLE,,
5.11184E+17,26.48926184,0.698580745,60.90266729,0.825813207,-0.134681062,1.035737985,20.614817,2.038454,,,NOT_AVAILABLE,,
5.11188E+17,26.89935822,0.146249445,60.9711301,0.170021593,0.083140074,0.215338006,18.919598,2.1310463,,,NOT_AVAILABLE,,
5.1119E+17,26.48482398,0.735159367,60.96445165,0.744199781,2.011237789,1.263280817,20.75194,0.927639,,,NOT_AVAILABLE,,
5.11176E+17,26.96820131,0.475124187,60.9815404,0.557296888,0.021444574,0.723177904,20.430819,1.5408726,,,NOT_AVAILABLE,,
5.11193E+17,26.58890302,0.600059868,61.11112589,0.556917316,0.230664059,0.803204106,20.55573,1.9758263,,,NOT_AVAILABLE,,
5.1119E+17,26.48646759,0.127998935,60.97344955,0.135007841,0.16169926,0.182416938,18.617477,1.7805805,,,NOT_AVAILABLE,,
5.11188E+17,26.81622815,0.172109586,60.97308565,0.201072533,0.375089235,0.262227534,19.058544,1.6847916,,,NOT_AVAILABLE,,
5.11202E+17,27.16014128,0.960107827,61.16858986,0.920672714,1.934237742,1.668825643,20.816,1.6912918,,,NOT_AVAILABLE,,
5.11183E+17,26.53970863,0.07579147,60.90750932,0.094104907,0.491056383,0.126282515,17.981764,1.7086296,,,NOT_AVAILABLE,,
5.11192E+17,26.66432958,0.313343602,61.06246417,0.342643757,-0.144428479,0.474163802,20.037128,1.7703876,,,NOT_AVAILABLE,,
5.11185E+17,26.39340338,0.174998764,60.96254965,0.196288701,0.594745628,0.275842905,19.315023,1.8129139,,,NOT_AVAILABLE,,
5.11188E+17,26.76342902,0.191320541,60.98276933,0.254065206,0.652723213,0.339980552,19.168367,2.329111,,,NOT_AVAILABLE,,
5.11192E+17,26.67237712,0.053325306,61.06422394,0.060983335,0.386465391,0.089054305,17.25639,1.477417,,,NOT_AVAILABLE,,
5.11208E+17,27.18322713,0.929511539,61.19329221,1.030049317,-2.415824884,1.745613271,20.86662,1.6765614,,,NOT_AVAILABLE,,
5.112E+17,26.97774493,0.217526505,61.02308017,0.271386774,0.106489366,0.376475368,19.694061,1.7071781,,,NOT_AVAILABLE,,
5.1119E+17,26.59357457,0.012892425,60.99997391,0.015984996,0.600179942,0.023141756,14.427817,1.4278154,,,NOT_AVAILABLE,4447.6,
5.11186E+17,26.61853772,0.112921274,60.89506291,0.134355399,-0.041754598,0.18369864,18.649275,1.865572,,,NOT_AVAILABLE,,
5.11202E+17,27.12883266,0.171386568,61.1055333,0.195548461,-0.001434782,0.30597578,19.302471,2.299879,,,NOT_AVAILABLE,,
5.11189E+17,26.75898472,0.038518229,61.04990886,0.048305725,0.383700543,0.065202464,16.751902,1.5236397,,,NOT_AVAILABLE,4526.885,
5.11202E+17,27.13074427,0.134969392,61.11146899,0.154028831,0.601478608,0.239994097,18.652817,2.0395527,,,NOT_AVAILABLE,,
5.11191E+17,26.49252945,0.234091406,60.98909478,0.264631853,0.160596377,0.367494056,19.801361,1.6018162,,,NOT_AVAILABLE,,
5.1119E+17,26.51875931,0.981560851,60.93658752,0.837890404,0.526107562,1.180528595,20.957275,1.2624836,,,NOT_AVAILABLE,,
5.11189E+17,26.77979332,0.540986546,61.02461397,0.615620193,-0.17433606,0.809978548,20.588861,1.7457104,,,NOT_AVAILABLE,,
5.11188E+17,26.86802165,0.227765575,61.02569335,0.273092565,1.440604243,0.36817045,19.372505,1.9285011,,,NOT_AVAILABLE,,
5.11185E+17,26.44845497,0.183046751,60.96133558,0.201628341,0.661678617,0.295881637,18.560698,1.8849926,,,NOT_AVAILABLE,,
5.11187E+17,26.65281132,0.408904832,60.95330601,0.458718289,0.131728393,0.62762696,20.385118,1.6783543,,,NOT_AVAILABLE,,
5.11188E+17,26.71952039,0.039883391,60.98363016,0.049444753,0.161538832,0.069336321,17.061258,1.4760494,,,NOT_AVAILABLE,4399.3335,
5.1119E+17,26.46361393,1.049739149,60.97575857,1.636569637,-0.529468424,2.283521033,20.986809,1.8275299,,,NOT_AVAILABLE,,
5.11189E+17,26.75823375,0.265564268,61.04507807,0.310349147,0.496165609,0.433022241,19.803783,1.7032909,,,NOT_AVAILABLE,,
5.11191E+17,26.46723887,0.11572363,61.06723802,0.117178764,0.340874022,0.171580676,18.531721,1.6090031,,,NOT_AVAILABLE,,
5.11189E+17,26.69561576,0.031128545,60.9841386,0.04024689,0.033012239,0.057003332,16.409822,2.4540167,,,NOT_AVAILABLE,3574.3333,
5.11188E+17,26.8118201,0.075974744,60.98015837,0.091105192,0.290537627,0.122563781,18.019444,1.6310024,,,NOT_AVAILABLE,,
5.11184E+17,26.42885366,0.631295996,60.91060971,0.621350777,-0.492331924,0.900795781,20.742872,1.8987141,,,NOT_AVAILABLE,,
5.11187E+17,26.61160233,0.85629623,60.93875809,1.05768006,0.385942405,1.324600755,20.800068,1.627533,,,NOT_AVAILABLE,,
5.11191E+17,26.44271725,0.462926679,61.0553575,0.456127112,0.116582982,0.656348252,20.41985,1.5315418,,,NOT_AVAILABLE,,
5.11191E+17,26.38833932,0.057522746,61.01830942,0.063814198,0.46425207,0.092951624,17.601519,1.5427628,,,NOT_AVAILABLE,,
5.1119E+17,26.62258669,0.041094316,60.98587394,0.049671483,0.404859196,0.069122864,16.981092,1.5798874,,,NOT_AVAILABLE,4395,
5.1119E+17,26.53460077,0.131394063,60.9745878,0.14603166,0.295853269,0.206608314,18.867542,1.7974815,,,NOT_AVAILABLE,,
5.11189E+17,26.76052858,0.085371911,61.04537495,0.104326925,0.297591136,0.139039222,18.124575,1.5765495,,,NOT_AVAILABLE,,
5.11188E+17,26.85513648,0.341499034,60.9921205,0.386649891,-0.819248547,0.405766563,19.656513,,,,NOT_AVAILABLE,,
5.11189E+17,26.77004584,0.308562152,61.02825367,0.35105311,0.407077556,0.478146583,20.09529,1.7303009,,,NOT_AVAILABLE,,
5.11202E+17,27.11396412,0.030476604,61.09764755,0.036342168,0.029014232,0.054708421,15.962334,2.4049187,,,NOT_AVAILABLE,3591.26,
5.11188E+17,26.84435032,0.17196505,60.97462228,0.190298143,-0.198976241,0.264514273,18.951761,1.6673489,,,NOT_AVAILABLE,,
5.11187E+17,26.67505846,0.04862269,60.93707687,0.060071257,0.467449968,0.084315189,17.417097,1.6037388,,,NOT_AVAILABLE,,
5.1119E+17,26.50997305,0.251207884,60.93589331,0.300898243,0.662080513,0.412427767,19.823042,2.0586853,,,NOT_AVAILABLE,,
5.11189E+17,26.71809581,0.134911342,61.06520447,0.143117769,0.448874496,0.19642021,18.61644,1.7924175,,,NOT_AVAILABLE,,
5.11176E+17,26.95276923,0.016853716,60.98726238,0.021424049,0.277061318,0.026852598,14.948829,1.0971155,,,NOT_AVAILABLE,5020,
5.11184E+17,26.46465273,0.103757528,60.93183117,0.118424758,0.389980054,0.168600995,18.476463,1.7330627,,,NOT_AVAILABLE,,
5.11209E+17,27.16350236,0.214897716,61.22537957,0.239089032,0.285255414,0.403203083,19.556723,1.85425,,,NOT_AVAILABLE,,
5.11191E+17,26.39840336,0.115126255,61.0184376,0.118211289,0.220237957,0.168284699,18.579561,1.5891018,,,NOT_AVAILABLE,,
5.11193E+17,26.59085945,0.083402821,61.09790121,0.089480049,0.316181738,0.128480593,18.048494,1.581665,,,NOT_AVAILABLE,,
5.112E+17,27.03962907,0.997687135,61.05699141,1.202025789,3.401232088,1.48279746,20.824923,1.8874531,,,NOT_AVAILABLE,,
5.11189E+17,26.71849407,1.489910191,61.06276896,1.416000634,-2.486570736,1.838531376,20.953358,1.5544147,,,NOT_AVAILABLE,,
5.112E+17,27.08325646,0.805428508,61.05057249,0.860294697,0.524009993,1.278665771,20.952888,1.7879639,,,NOT_AVAILABLE,,
5.11202E+17,27.11458559,0.041167255,61.09716393,0.048581401,0.005793926,0.071258955,16.539719,1.7658072,,,NOT_AVAILABLE,3928,
5.11192E+17,26.70606489,0.164443717,61.10259758,0.18118987,0.125580973,0.277558457,19.176615,1.9587975,,,NOT_AVAILABLE,,
5.11191E+17,26.4537437,0.328340377,61.06908864,0.353597219,0.305617803,0.497580722,20.15736,1.6639786,,,NOT_AVAILABLE,,
5.11176E+17,26.92061665,0.5641872,60.97158224,0.501052568,0.326176847,0.899959119,20.348106,1.647274,,,NOT_AVAILABLE,,
5.11188E+17,26.82360218,0.474012808,60.99856444,0.535250702,0.703402877,0.708898985,20.34833,1.81147,,,NOT_AVAILABLE,,
5.11191E+17,26.41092597,1.429839299,61.00525722,1.154248217,-0.207431884,1.59020508,20.89001,1.5799255,,,NOT_AVAILABLE,,
5.11188E+17,26.80061857,0.118785268,60.99240205,0.136379717,0.714286246,0.18087499,18.731934,1.7044353,,,NOT_AVAILABLE,,
5.11185E+17,26.35527209,0.920200914,60.97986936,0.99725043,-1.033337925,1.575545531,20.82073,1.5364819,,,NOT_AVAILABLE,,
5.11187E+17,26.65390756,0.12884095,60.93647082,0.15536608,0.408582639,0.206557751,18.795551,1.9230194,,,NOT_AVAILABLE,,
5.11188E+17,26.73926432,0.232739667,61.0133967,0.287195725,0.162832092,0.38719711,19.680458,2.4276009,,,NOT_AVAILABLE,,
5.11191E+17,26.41412601,0.020083049,61.01483694,0.023729363,1.056435778,0.035746442,11.175759,0.5013094,,,NOT_AVAILABLE,7098.5,0.1077
5.1119E+17,26.63507163,0.11257526,60.98482309,0.130273058,0.32817963,0.18235056,18.695625,1.7786674,,,NOT_AVAILABLE,,
5.11188E+17,26.82577746,0.263152497,61.02431331,0.303727582,1.14288238,0.412735886,19.888918,1.8738976,,,NOT_AVAILABLE,,
5.11186E+17,26.77057124,0.059991689,60.93862498,0.071909011,0.331339638,0.101032653,17.691624,1.7070332,,,NOT_AVAILABLE,,
5.11185E+17,26.3785682,0.236872115,60.9893568,0.264966501,0.273586407,0.366555291,19.744123,2.1219234,,,NOT_AVAILABLE,,
5.11188E+17,26.90637344,0.022593201,60.99208076,0.028714583,0.216541508,0.038766265,15.737299,2.2779245,,,NOT_AVAILABLE,3870,2.0935
5.11191E+17,26.44231705,0.233553333,61.02170547,0.253404931,0.16878719,0.333613399,19.657393,1.9548035,,,NOT_AVAILABLE,,
5.112E+17,27.01011265,0.33843704,61.05771704,0.398833043,-0.09347861,0.600339525,20.320108,1.9117069,,,NOT_AVAILABLE,,
5.11186E+17,26.63758036,0.215880662,60.93650589,0.261655361,0.336423714,0.354327043,19.618708,2.0033875,,,NOT_AVAILABLE,,
5.11188E+17,26.82166565,0.111531466,60.98048756,0.130021794,-0.186322072,0.170858519,18.57198,1.9114513,,,NOT_AVAILABLE,,
5.11185E+17,26.38306819,0.172437264,60.98922412,0.190671706,0.185408106,0.267424648,19.35211,1.9646511,,,NOT_AVAILABLE,,
5.11176E+17,26.93503905,0.026845124,60.97900172,0.034853448,1.307521405,0.046591032,16.252544,1.5320749,,,NOT_AVAILABLE,4304.3477,0.7305
5.11189E+17,26.7407686,0.37059453,61.06504282,0.388909132,0.082515249,0.526057916,20.154316,1.7918034,,,NOT_AVAILABLE,,
5.112E+17,26.99915367,0.21842699,61.00395116,0.276037414,0.296665819,0.381160554,19.677288,1.6477661,,,NOT_AVAILABLE,,
5.11192E+17,26.69377924,0.074781534,61.06491601,0.081914651,0.190563484,0.110131888,17.779522,1.5119228,,,NOT_AVAILABLE,,
5.11187E+17,26.72161272,0.335095779,60.95735219,0.406491457,1.847574769,0.552659876,20.164635,2.608265,,,NOT_AVAILABLE,,
5.11176E+17,26.93404556,0.3025266,60.96801789,0.381253215,0.431575635,0.49228896,20.010586,1.9026375,,,NOT_AVAILABLE,,
5.11194E+17,26.5116936,0.172130755,61.13824983,0.176497035,0.047933387,0.247507925,19.019268,1.9992085,,,NOT_AVAILABLE,,
5.11185E+17,26.38970767,0.07013039,60.98861,0.078651628,0.607842317,0.118340746,17.921326,1.7198868,,,NOT_AVAILABLE,,
5.11202E+17,27.1076136,0.035946972,61.09658528,0.041910721,0.081182534,0.063475204,16.631968,1.802455,,,NOT_AVAILABLE,3957.5876,1.3345
5.11192E+17,26.69486181,0.116469792,61.10760238,0.116750183,1.201018709,0.177045112,18.519663,2.198063,,,NOT_AVAILABLE,,
5.112E+17,26.97641349,0.6028824,61.01977165,0.760135845,1.873132017,1.185993285,20.728798,1.7996655,,,NOT_AVAILABLE,,
5.11183E+17,26.52130036,0.483356163,60.89182612,0.557996157,0.172799238,0.744646898,20.546883,1.7507286,,,NOT_AVAILABLE,,
5.1119E+17,26.63155319,0.21629266,61.01173393,0.248445654,0.324659943,0.347225597,19.648417,1.6842003,,,NOT_AVAILABLE,,
5.11186E+17,26.63096217,0.085457597,60.8957013,0.098968046,0.19359016,0.137906346,18.22332,1.9205704,,,NOT_AVAILABLE,,
5.11192E+17,26.66990232,1.312040555,61.03867208,1.141265651,0.70613213,1.480090258,20.946339,,,,NOT_AVAILABLE,,
5.11176E+17,26.93755626,0.162828208,60.98195016,0.203212231,0.294967855,0.262979504,19.255665,2.0442276,,,NOT_AVAILABLE,,
5.1119E+17,26.50406025,0.034837348,60.98715577,0.040912134,1.027975642,0.060252664,16.753025,1.6217699,,,NOT_AVAILABLE,4349.6997,1.2215
5.11188E+17,26.79762645,0.454226346,61.00120989,0.534572644,1.099790834,0.803041968,20.15918,1.8438702,,,NOT_AVAILABLE,,
5.11193E+17,26.49241272,0.52529142,61.08768758,0.47964216,0.919705513,0.696220838,20.559238,1.4612694,,,NOT_AVAILABLE,,
5.11188E+17,26.75827316,0.462899716,60.98350493,0.499588457,0.481427251,0.643098326,20.440298,1.7447624,,,NOT_AVAILABLE,,
5.11191E+17,26.41703876,0.031573065,60.98918254,0.036622601,0.318234538,0.057338583,16.570942,1.5268621,,,NOT_AVAILABLE,4451,
5.11188E+17,26.8871359,0.443118593,60.97877605,0.503253454,1.604817611,0.651791111,20.41568,1.5272579,,,NOT_AVAILABLE,,
5.11192E+17,26.64706691,0.068711249,61.01129658,0.082843581,0.18504421,0.12027352,17.932127,1.5550194,,,NOT_AVAILABLE,,
5.11188E+17,26.73727676,0.553735112,60.98242643,0.627209359,0.465205038,0.789420337,20.35462,1.5065689,,,NOT_AVAILABLE,,
5.11191E+17,26.44074385,0.217767076,60.96836171,0.247095484,0.07425466,0.3479825,19.715986,1.8547173,,,NOT_AVAILABLE,,
5.112E+17,27.0156313,0.29441142,61.03577957,0.356012255,0.261572052,0.504408688,20.043272,1.7503071,,,NOT_AVAILABLE,,
5.11185E+17,26.36716675,0.063143634,60.99848126,0.070265108,0.265267224,0.103970808,17.791006,1.8245945,,,NOT_AVAILABLE,,
5.11191E+17,26.51578681,0.616919638,61.03607722,0.549120689,-0.679617489,0.870303514,20.594982,1.747055,,,NOT_AVAILABLE,,
5.11191E+17,26.49453419,0.227169371,60.98772507,0.258077904,0.770708969,0.362970569,19.684553,2.210865,,,NOT_AVAILABLE,,
5.11202E+17,27.13654692,0.395425669,61.14883656,0.450916687,2.264818619,0.724391232,20.397507,1.9338303,,,NOT_AVAILABLE,,
5.11202E+17,27.08050399,0.380394253,61.11032677,0.440345476,0.933639516,0.676011641,20.388744,1.890007,,,NOT_AVAILABLE,,
5.11194E+17,26.56289023,0.125407589,61.14308086,0.129098595,0.442645244,0.181818143,18.486225,1.9469604,,,NOT_AVAILABLE,,
5.11188E+17,26.90797589,0.191619324,60.99843971,0.229965176,0.401071557,0.295627848,19.47026,2.0497017,,,NOT_AVAILABLE,,
5.11188E+17,26.87878668,0.571142624,61.01871368,0.612638839,0.527451242,0.884100315,20.557087,1.7173634,,,NOT_AVAILABLE,,
5.11192E+17,26.62384838,0.715819167,61.02187441,0.731883955,4.115995561,1.17224917,20.457085,1.5484791,,,NOT_AVAILABLE,,
5.11209E+17,27.19147526,0.739756545,61.24098267,0.747598578,0.539490619,1.244361053,20.786938,1.9572678,,,NOT_AVAILABLE,,
5.112E+17,27.06429613,0.102839867,61.06341418,0.117642626,0.352535789,0.176324264,18.627851,1.7541199,,,NOT_AVAILABLE,,
5.11191E+17,26.43324126,0.736666213,61.00705035,0.683180669,0.262558393,1.056974745,20.76261,1.5107117,,,NOT_AVAILABLE,,
5.11188E+17,26.92413614,0.152901275,60.98803799,0.185200881,-0.089022724,0.244532997,19.120031,1.7740307,,,NOT_AVAILABLE,,
5.11189E+17,26.71403103,0.482747367,61.05505047,0.538731653,-0.170301926,0.641684649,20.344389,1.6706276,,,NOT_AVAILABLE,,
5.11191E+17,26.46150772,0.013253426,61.01014812,0.015510138,1.454549139,0.022603906,14.145178,1.145668,,,NOT_AVAILABLE,5014.3335,
5.11192E+17,26.67486514,0.398242355,61.03954736,0.417053678,0.478253502,0.573398688,20.255154,1.7171097,,,NOT_AVAILABLE,,
5.11193E+17,26.52947821,0.017892093,61.13964372,0.02063968,0.31870125,0.029357778,14.91225,0.8615227,,,NOT_AVAILABLE,5659.8105,
5.1119E+17,26.59737382,0.033349176,60.98498929,0.040760686,0.287074742,0.058884317,16.754328,2.048399,,,NOT_AVAILABLE,3683.5,
5.11191E+17,26.48917366,0.548304379,61.04100377,0.54397668,-0.209166493,0.825794934,20.522408,1.7873993,,,NOT_AVAILABLE,,
