dist,solution_id,designation,source_id,random_index,ref_epoch,ra,ra_error,dec,dec_error,parallax,parallax_error,parallax_over_error,pmra,pmra_error,pmdec,pmdec_error,ra_dec_corr,ra_parallax_corr,ra_pmra_corr,ra_pmdec_corr,dec_parallax_corr,dec_pmra_corr,dec_pmdec_corr,parallax_pmra_corr,parallax_pmdec_corr,pmra_pmdec_corr,astrometric_n_obs_al,astrometric_n_obs_ac,astrometric_n_good_obs_al,astrometric_n_bad_obs_al,astrometric_gof_al,astrometric_chi2_al,astrometric_excess_noise,astrometric_excess_noise_sig,astrometric_params_solved,astrometric_primary_flag,astrometric_weight_al,astrometric_pseudo_colour,astrometric_pseudo_colour_error,mean_varpi_factor_al,astrometric_matched_observations,visibility_periods_used,astrometric_sigma5d_max,frame_rotator_object_type,matched_observations,duplicated_source,phot_g_n_obs,phot_g_mean_flux,phot_g_mean_flux_error,phot_g_mean_flux_over_error,phot_g_mean_mag,phot_bp_n_obs,phot_bp_mean_flux,phot_bp_mean_flux_error,phot_bp_mean_flux_over_error,phot_bp_mean_mag,phot_rp_n_obs,phot_rp_mean_flux,phot_rp_mean_flux_error,phot_rp_mean_flux_over_error,phot_rp_mean_mag,phot_bp_rp_excess_factor,phot_proc_mode,bp_rp,bp_g,g_rp,radial_velocity,radial_velocity_error,rv_nb_transits,rv_template_teff,rv_template_logg,rv_template_fe_h,phot_variable_flag,l,b,ecl_lon,ecl_lat,priam_flags,teff_val,teff_percentile_lower,teff_percentile_upper,a_g_val,a_g_percentile_lower,a_g_percentile_upper,e_bp_min_rp_val,e_bp_min_rp_percentile_lower,e_bp_min_rp_percentile_upper,flame_flags,radius_val,radius_percentile_lower,radius_percentile_upper,lum_val,lum_percentile_lower,lum_percentile_upper,datalink_url,epoch_photometry_url,r20151202_oid,col1,col2
5.00E-04,1.63572E+18,Gaia DR2 2014632479815214720,2.01463E+18,990786723,2015.5,343.6840002,0.016949615,60.73892288,0.017757498,0.265881023,0.021835756,12.176406,-2.834478103,0.0345685,-1.636362487,0.032303174,0.021720758,0.2366161,-0.25507092,-0.007097169,0.25303426,-0.11857623,-0.038128935,-0.2877444,0.14383176,-0.09417257,276,0,273,3,-0.8853242,247.38878,0,0,31,FALSE,32.038456,1.44107108,0.004820276,-0.006513864,31,19,0.04213438,0,35,FALSE,300,24845.85494,6.286896388,3952.0063,14.700231,32,8391.928779,19.08700563,439.6671,15.541734,34,24991.55261,33.30903903,750.2934,13.767437,1.3436238,0,1.7742968,0.84150314,0.9327936,,,0,,,,NOT_AVAILABLE,109.1447046,1.029891707,25.22904345,58.76357139,100001,3997.5925,3831.75,4390.42,1.1485,1.097,1.433,0.548,0.5203,0.6086,200111,10.033059,8.317988,10.920338,23.160906,18.129349,28.192463,http://geadata.esac.esa.int/data-server/datalink/links?ID=2014632479815214720,,4,343.685,60.73903
4.87E-04,1.63572E+18,Gaia DR2 2014632685973822464,2.01463E+18,1152366721,2015.5,343.6756043,0.020532159,60.75964823,0.021720856,0.995851419,0.026250153,37.936974,-4.62791263,0.042599531,-4.519155723,0.037346774,-0.03083665,0.04323416,-0.3292865,-0.011441062,0.33996582,-0.09161077,-0.034235395,-0.23370425,0.19192527,-0.048026346,254,0,254,0,-1.0966802,224.6965,0,0,31,FALSE,22.399508,1.431203823,0.005790181,-0.012370832,29,17,0.0485379,0,32,TRUE,279,17384.72357,5.662324367,3070.245,15.087946,29,5694.904549,15.86660472,358.92395,15.962672,28,17623.72796,28.95649196,608.62787,14.146675,1.341329,0,1.8159971,0.8747263,0.9412708,,,0,,,,NOT_AVAILABLE,109.150004,1.050344009,25.2531252,58.78061529,100001,3931.8398,3900,4034.6025,,,,,,,200111,2.3684251,2.2493124,2.407255,1.2078063,1.1278782,1.2877345,http://geadata.esac.esa.int/data-server/datalink/links?ID=2014632685973822464,,7,343.6766,60.75967
5.01E-04,1.63572E+18,Gaia DR2 2014632754693298816,2.01463E+18,1618158538,2015.5,343.6674742,0.018274906,60.7644829,0.020045745,1.354169356,0.024357127,55.59643,-5.386906445,0.03788586,-2.207081403,0.034618576,-0.010520793,0.049631823,-0.21867876,-0.029047094,0.32931596,-0.14190172,-0.032149103,-0.32073334,0.19712642,-0.061904907,255,0,254,1,-2.9561503,188.13162,0,0,31,FALSE,27.707363,1.493363041,0.005379213,0.030532453,29,17,0.044385754,0,33,FALSE,279,21302.44407,7.581686871,2809.7236,14.867292,28,8951.100321,19.794809,452.19434,15.471697,27,17940.80152,15.84077515,1132.5709,14.1273155,1.2623857,0,1.3443813,0.60440445,0.7399769,,,0,,,,NOT_AVAILABLE,109.148525,1.056423237,25.25481356,58.78681027,100001,4952,4639.21,5103,1.0167,0.8317,1.2531,0.4855,0.411,0.6001,200111,0.9721616,0.9154795,1.1076733,0.5120286,0.4884272,0.5356299,http://geadata.esac.esa.int/data-server/datalink/links?ID=2014632754693298816,,9,343.6685,60.76447
2.99E-04,1.63572E+18,Gaia DR2 2014632582894430848,2.01463E+18,946763557,2015.5,343.7751989,0.021582904,60.76796437,0.023137528,0.222983386,0.027921021,7.986219,-2.497381943,0.04341609,-1.088089838,0.040345913,-0.01596527,0.1872858,-0.29016882,0.07092326,0.262487,-0.044604365,-0.18065351,-0.32331958,0.16428955,-0.07386539,257,0,256,1,3.838911,346.38406,0.132975534,2.925464451,31,FALSE,19.193348,1.400957455,0.006670707,0.07448945,30,19,0.049474064,0,32,FALSE,274,22036.78934,127.3533745,173.03656,14.830495,31,6333.93989,116.1937069,54.5119,15.847203,31,24271.20755,424.5477751,57.169556,13.799191,1.3888206,0,2.0480118,1.0167084,1.0313034,,,0,,,,NOT_AVAILABLE,109.1974538,1.036758356,25.32840307,58.75042258,100001,3754,3622,4398.39,1.7527,1.4839,2.1594,0.855,0.7373,1.1053,,,,,,,,http://geadata.esac.esa.int/data-server/datalink/links?ID=2014632582894430848,,10,343.7756,60.76819
4.26E-04,1.63572E+18,Gaia DR2 2014632784754912384,2.01463E+18,1397574701,2015.5,343.6880297,0.068479495,60.77835555,0.078571979,0.67753418,0.09110751,7.4366446,-4.913521599,0.141801579,-3.413853289,0.133162578,0.019474426,0.1413301,-0.25716045,0.050909843,0.31252474,-0.048308637,-0.08917791,-0.25938272,0.15805522,-0.03941177,280,280,269,11,57.175564,4957.5117,0.433616759,76.26384128,31,TRUE,4.6621265,1.213256139,0.024195912,0.007294346,32,18,0.07828355,0,36,FALSE,305,374794.2032,1054.623047,355.38214,11.753883,34,17353.92514,326.607052,53.133957,14.752893,34,649132.4824,9383.765956,69.17612,10.231087,1.778273,1,4.5218067,2.99901,1.5227966,,,0,,,,NOT_AVAILABLE,109.1635911,1.064564887,25.28763275,58.78879779,100002,3296,3288.75,3335,2.447,2.3132,2.5151,1.503,1.4546,1.5406,,,,,,,,http://geadata.esac.esa.int/data-server/datalink/links?ID=2014632784754912384,,14,343.6889,60.77838
5.08E-04,1.63572E+18,Gaia DR2 2014635778350274176,2.01464E+18,113892709,2015.5,343.6422722,0.021915065,60.77841134,0.02333021,0.240801261,0.028480919,8.454827,-2.253481551,0.044273847,-1.421617016,0.039937617,0.037584264,0.08225561,-0.31115422,-0.03963543,0.33239168,-0.14392887,-0.05413003,-0.27116305,0.20087986,-0.02682087,251,0,250,1,8.580424,487.19113,0.18820137,8.179918363,31,FALSE,19.197634,1.368070673,0.006110423,-0.02624025,29,16,0.04967515,0,34,FALSE,279,47609.86094,52.95857426,899.00195,13.994123,31,11600.24156,37.4812785,309.4943,15.190221,33,56829.92952,191.0816054,297.41183,12.875477,1.4373109,0,2.314744,1.1960974,1.1186466,,,0,,,,NOT_AVAILABLE,109.143489,1.074314181,25.25855992,58.80529464,100001,3517,3428,4479.5366,1.6053,1.414,1.9291,0.814,0.7146,0.9704,200111,23.450739,14.455565,24.684233,75.80489,53.7684,97.841385,http://geadata.esac.esa.int/data-server/datalink/links?ID=2014635778350274176,,15,343.6433,60.77833
5.53E-04,1.63572E+18,Gaia DR2 2014635400392959872,2.01464E+18,1003286389,2015.5,343.6200976,0.017395693,60.77883596,0.017524082,1.441956512,0.021968844,65.63643,-7.631500578,0.035275131,2.24175396,0.031799531,0.01231334,0.21154031,-0.28099558,0.004051158,0.23453526,-0.08842512,-0.08502855,-0.29593912,0.13226251,-0.02618753,287,0,286,1,-5.3152146,172.40877,0,0,31,FALSE,28.217676,1.536217479,0.005043661,0.009318212,33,19,0.042270504,0,36,FALSE,303,22006.20858,6.250623755,3520.642,14.832003,32,10202.41959,20.15932123,506.08945,15.32963,31,17044.3579,26.67124329,639.0538,14.182968,1.2381405,0,1.1466618,0.49762726,0.6490345,,,0,,,,NOT_AVAILABLE,109.1339226,1.079401804,25.24503482,58.81355932,100001,4971.6665,4944.5,5135,0.3882,0.291,0.5955,0.1813,0.143,0.2683,200111,0.91855353,0.86104834,0.9286748,0.46442074,0.44573745,0.48310402,http://geadata.esac.esa.int/data-server/datalink/links?ID=2014635400392959872,,16,343.6212,60.77871
3.48E-04,1.63572E+18,Gaia DR2 2014632892132066944,2.01463E+18,1127773995,2015.5,343.7283929,0.022279866,60.7891748,0.024489983,0.324315677,0.029423155,11.022465,-3.024986456,0.046801351,-1.641542984,0.043440127,-0.014417033,0.15859503,-0.25959116,0.0430912,0.22749847,-0.04683499,-0.109544404,-0.29134005,0.17964192,-0.042886104,279,0,279,0,13.723731,735.8937,0.245792751,16.4463815,31,FALSE,14.440492,1.376016836,0.0065897,0.04603569,32,19,0.05176935,0,35,FALSE,302,97026.39415,57.33935876,1692.143,13.221141,34,24513.43919,94.54748125,259.2712,14.377877,33,113102.4216,318.1178026,355.5363,12.128241,1.4183342,1,2.2496367,1.1567364,1.0929003,,,0,,,,NOT_AVAILABLE,109.1860394,1.065771501,25.32871904,58.78159918,100002,3539,3487,4073.1035,1.597,1.3956,1.8826,0.7912,0.6829,0.909,200111,24.341642,18.376387,25.073046,83.73686,65.21605,102.257675,http://geadata.esac.esa.int/data-server/datalink/links?ID=2014632892132066944,,18,343.7291,60.78922
5.13E-04,1.63572E+18,Gaia DR2 2014635778350083200,2.01464E+18,437721272,2015.5,343.6613605,0.016040159,60.79014904,0.017397235,0.354029525,0.020993796,16.863531,-2.79779069,0.034324632,-1.612857769,0.030957337,0.023771582,0.12950268,-0.23135456,0.028298445,0.26228407,-0.053908233,-0.03191778,-0.29852623,0.117685914,0.022712238,282,0,282,0,8.2070675,517.54285,0.150359694,6.619814689,31,FALSE,32.348366,1.396300384,0.004610231,0.007763212,33,19,0.041264534,0,36,FALSE,308,99899.89908,100.8717189,990.3658,13.189453,34,27629.17565,120.8863737,228.55492,14.247969,34,111898.3056,350.1268314,319.59363,12.139861,1.3966728,0,2.1081076,1.0585155,1.049592,,,0,,,,NOT_AVAILABLE,109.156982,1.080839705,25.28742021,58.8063626,100001,3754,3591,4344.3066,1.5802,1.4967,1.6871,0.7737,0.699,0.826,200111,18.60934,13.895641,20.337086,61.96319,52.126766,71.79961,http://geadata.esac.esa.int/data-server/datalink/links?ID=2014635778350083200,,19,343.6624,60.79007
3.61E-04,1.63572E+18,Gaia DR2 2014636534263938816,2.01464E+18,237417841,2015.5,343.5050587,0.072177336,60.79491554,0.073776108,0.438505546,0.088000677,4.9829793,-2.4520367,0.148413771,-1.726529491,0.138078622,0.08648225,0.15030642,-0.31997338,-0.13074388,0.14468947,-0.20355543,-0.1750204,-0.2738407,0.20973846,0.07076173,293,293,282,11,57.46148,5020.2812,0.445575496,80.08605962,31,TRUE,4.4453807,1.209241857,0.024037282,0.02023155,34,19,0.08392727,0,39,FALSE,329,769710.0467,884.0167926,870.69617,10.972548,34,38332.14467,309.6238422,123.8023,13.892481,35,1273044.869,8905.939111,142.94336,9.499811,1.7037286,1,4.3926697,2.9199333,1.4727364,-65.87567457,0.335201229,9,4500,3,0,NOT_AVAILABLE,109.090379,1.118331965,25.19464693,58.86581959,100002,3290.75,3277,3297,0.858,0.706,1.0814,0.6013,0.5197,0.6941,,,,,,,,http://geadata.esac.esa.int/data-server/datalink/links?ID=2014636534263938816,,20,343.5056,60.79467
5.39E-04,1.63572E+18,Gaia DR2 2014635984508508160,2.01464E+18,430334609,2015.5,343.634632,0.022108316,60.79918897,0.024171711,0.326897744,0.02844897,11.490671,-2.876364973,0.045275749,-1.622349914,0.041550945,-0.042783696,0.13874507,-0.305789,0.002273597,0.25762308,-0.07153297,-0.10032731,-0.2589656,0.15109074,-0.003833982,282,0,280,2,7.392459,486.3772,0.189517098,6.718261261,31,FALSE,14.742186,1.363348551,0.006404941,0.06192121,33,18,0.05035293,0,37,FALSE,308,24930.20003,73.28172725,340.1967,14.696551,27,6181.817946,43.01711807,143.706,15.873598,24,29203.88318,328.3837118,88.93219,13.598318,1.419391,1,2.27528,1.1770468,1.0982332,,,0,,,,NOT_AVAILABLE,109.1491608,1.094647769,25.28326828,58.82208488,100002,3932.1804,3466,4522.1997,1.9877,1.8794,2.218,0.9805,0.9284,1.1038,200111,8.63766,6.5307565,11.117467,16.070177,12.63154,19.508814,http://geadata.esac.esa.int/data-server/datalink/links?ID=2014635984508508160,,25,343.6357,60.79905
5.45E-04,1.63572E+18,Gaia DR2 2014635675271057280,2.01464E+18,745192203,2015.5,343.6083525,0.024517054,60.79933839,0.025910558,0.303107088,0.030332958,9.992665,-2.815426476,0.049424389,-1.644447077,0.045665876,0.060841482,0.12691908,-0.35646725,-0.028995458,0.26163805,-0.10372368,-0.14193685,-0.20479521,0.17215805,0.010094941,277,0,276,1,5.367254,415.2566,0.167490091,3.942423381,31,FALSE,12.57382,1.356662164,0.006955543,0.001522539,32,17,0.05436074,0,37,FALSE,290,15378.43851,51.94988773,296.02448,15.221086,29,3712.515823,25.02028151,148.38026,16.427217,32,19179.41253,236.7230952,81.020454,14.0548315,1.488573,0,2.372386,1.2061319,1.166254,,,0,,,,NOT_AVAILABLE,109.1376779,1.10035669,25.26674756,58.83163849,100001,3431,3410.75,3823.7,2.3485,2.1689,2.6671,1.1432,1.074,1.2913,200111,11.515703,9.271805,11.652849,16.556118,12.546352,20.565884,http://geadata.esac.esa.int/data-server/datalink/links?ID=2014635675271057280,,26,343.6094,60.79915
5.56E-04,1.63572E+18,Gaia DR2 2014636396825357056,2.01464E+18,5676268,2015.5,343.5755483,0.024387579,60.80499314,0.0241698,0.268187496,0.029041805,9.234532,-2.805120998,0.04831282,-1.65692797,0.045063184,0.05475008,0.26816046,-0.4177247,-0.0451097,0.1643737,-0.13940996,-0.19761913,-0.271138,0.20343465,0.031043917,279,0,277,2,4.3339243,385.28116,0.148622832,3.296105667,31,FALSE,14.490074,1.364601259,0.007029826,0.11348598,32,19,0.054675754,0,36,FALSE,295,16876.26796,6.126918813,2754.446,15.120174,30,4707.899017,18.60539056,253.03952,16.169321,29,19522.3588,41.0702674,475.34042,14.035589,1.4357593,0,2.1337318,1.0491467,1.0845852,,,0,,,,NOT_AVAILABLE,109.1257286,1.112412082,25.25391791,58.84725884,100001,3832.9023,3557,4321.365,1.814,1.7216,1.9171,0.891,0.8439,0.9525,200111,9.428039,7.417114,10.947353,17.284168,12.706362,21.861975,http://geadata.esac.esa.int/data-server/datalink/links?ID=2014636396825357056,,30,343.5766,60.80478
1.54E-04,1.63572E+18,Gaia DR2 2014636431181369472,2.01464E+18,1405325706,2015.5,343.59484,0.113601114,60.80540904,0.100802141,1.017433548,0.142012139,7.1644125,-3.530968051,0.228215591,-1.349130979,0.186003131,0.15535809,0.095295854,-0.19927953,-0.14532958,0.28271005,-0.25923738,-0.11531046,-0.42731798,0.16664067,0.14830719,243,0,234,9,53.35888,4316,1.045814503,145.9919761,31,FALSE,0.83594537,1.281270068,0.029159723,0.03970342,27,15,0.21567227,0,37,FALSE,265,15498.14074,34.05071041,455.14883,15.2126665,11,5224.419342,147.5152162,35.416138,16.056293,11,21198.00523,498.0942185,42.558224,13.946182,1.704877,0,2.1101112,0.843627,1.2664843,,,0,,,,NOT_AVAILABLE,109.1343831,1.108690482,25.26679413,58.84059968,102001,3960,3620.6667,4422.0127,,,,,,,200111,2.1373305,1.7140446,2.5567305,1.0120894,0.72532976,1.298849,http://geadata.esac.esa.int/data-server/datalink/links?ID=2014636431181369472,,32,343.5949,60.80556
4.03E-04,1.63572E+18,Gaia DR2 2014635915789035136,2.01464E+18,124181821,2015.5,343.6970825,0.028458749,60.80899915,0.02952535,0.319456935,0.035665032,8.957147,-2.840199281,0.056974207,-1.795457803,0.052407328,0.02992318,0.31590852,-0.32515463,0.092916586,0.20167392,-0.00498757,-0.10058749,-0.23598899,0.22578041,0.023243984,260,0,260,0,6.07536,417.35208,0.205626709,5.501932564,31,FALSE,10.385561,1.371203186,0.0088302,0.082597226,30,19,0.06025355,0,34,FALSE,287,14725.01446,32.49181555,453.1915,15.268227,32,3798.836793,32.73401184,116.051674,16.402262,30,17171.23157,103.3772372,166.10263,14.174916,1.424112,0,2.2273455,1.1340351,1.0933104,,,0,,,,NOT_AVAILABLE,109.1808679,1.090258476,25.33698583,58.80625685,100001,4151.1035,3516.3333,4937.84,2.0727,1.9149,2.2175,1.0133,0.9449,1.0881,200111,5.69243,4.0230074,7.9331336,8.668508,6.41036,10.926655,http://geadata.esac.esa.int/data-server/datalink/links?ID=2014635915789035136,,36,343.6979,60.80894
4.25E-04,1.63572E+18,Gaia DR2 2014636362465609984,2.01464E+18,657585621,2015.5,343.5510652,0.028517092,60.80934767,0.027393953,0.189145826,0.035489598,5.329613,-2.743973273,0.057599794,-1.469252542,0.052126496,0.057355806,0.2794461,-0.21911933,-0.044893652,0.21992993,-0.1386899,-0.07511673,-0.1971233,0.1787772,0.07928702,261,0,260,1,2.4717329,314.22476,0.132844773,1.769775201,31,FALSE,11.071464,1.347141312,0.007810018,0.026771413,30,18,0.06079364,0,35,FALSE,279,11262.27451,10.0248268,1123.4384,15.5593,29,2934.46554,15.35258182,191.13824,16.682566,27,13866.41498,67.83240674,204.42169,14.407009,1.491784,1,2.2755566,1.1232653,1.1522913,,,0,,,,NOT_AVAILABLE,109.1168743,1.121533308,25.24453873,58.85900747,100002,3731.0632,3482,4292.1553,2.0577,1.9155,2.26,0.999,0.944,1.1175,,,,,,,,http://geadata.esac.esa.int/data-server/datalink/links?ID=2014636362465609984,,38,343.5502,60.8094
5.31E-04,1.63572E+18,Gaia DR2 2014636431185099264,2.01464E+18,1582437433,2015.5,343.6130775,0.023817927,60.81008154,0.025350863,0.303522521,0.0307929,9.856899,-2.801034585,0.052754855,-1.570365441,0.046869943,0.013372397,0.07958629,-0.19370975,0.03317163,0.15355049,0.002737796,-0.010521905,-0.3090257,0.05911116,0.09209552,284,0,280,4,5.308704,418.35104,0.183444807,4.709771221,31,FALSE,12.070857,1.389419443,0.007021039,0.040960122,34,19,0.057333123,0,38,FALSE,309,16730.14335,5.986028503,2794.8652,15.129617,30,4516.898548,14.8004869,305.18582,16.214287,32,19214.92016,35.93220461,534.7548,14.052823,1.4185066,1,2.1614637,1.0846701,1.0767937,,,0,,,,NOT_AVAILABLE,109.144427,1.109028088,25.28506358,58.83719548,100002,3587,3558,4199.975,1.997,1.861,2.1432,0.993,0.9229,1.0298,200111,10.324941,7.5310736,10.493937,15.899936,12.010457,19.789413,http://geadata.esac.esa.int/data-server/datalink/links?ID=2014636431185099264,,40,343.6141,60.8099
4.79E-04,1.63572E+18,Gaia DR2 2014636053227982976,2.01464E+18,622708661,2015.5,343.6525506,0.020063799,60.81002225,0.021034733,0.293848234,0.025621233,11.468934,-2.869072498,0.042395969,-1.644318558,0.038093027,-0.007615305,0.135458,-0.25454417,0.001842865,0.23679747,-0.07662735,-0.07521225,-0.29140168,0.12209406,-0.01093477,293,0,292,1,10.361434,612.58795,0.217304626,12.79983059,31,FALSE,17.532728,1.340597548,0.005524058,0.036692124,34,19,0.048222423,0,37,FALSE,320,81836.76947,90.57876275,903.48737,13.405994,35,19382.32787,119.9067703,161.64499,14.632874,35,97904.0904,318.6761379,307.22128,12.284918,1.4331751,0,2.3479557,1.2268791,1.1210766,,,0,,,,NOT_AVAILABLE,109.1617424,1.100607466,25.31010304,58.8229597,100001,4480.74,3817.75,5092.8896,1.677,1.4359,2.1671,0.8265,0.705,1.0441,200111,11.547516,8.9383955,15.9064455,48.425144,37.755394,59.094894,http://geadata.esac.esa.int/data-server/datalink/links?ID=2014636053227982976,,41,343.6535,60.8099
5.39E-04,1.63572E+18,Gaia DR2 2014636431185097600,2.01464E+18,50437834,2015.5,343.6129645,0.01546545,60.81448739,0.016411991,0.26493537,0.018830944,14.06915,-2.771046101,0.031753028,-1.576018347,0.030237976,0.02175341,0.14134938,-0.35238296,-0.04574907,0.21249157,-0.10390608,-0.20100068,-0.17825708,0.16614461,0.040692907,304,0,303,1,4.7972455,430.27582,0.122267076,3.650510709,31,FALSE,32.436962,1.377375961,0.004319551,0.051861573,35,19,0.040050533,0,38,FALSE,331,49895.57767,87.12919419,572.662,13.943211,33,13120.1548,77.74563198,168.75745,15.0565405,31,57183.48021,357.7977014,159.82071,12.868744,1.4090153,1,2.1877966,1.1133299,1.0744667,,,0,,,,NOT_AVAILABLE,109.1462939,1.113019422,25.29127116,58.84021159,100002,4065.1633,3525.25,4994.72,1.6082,1.4539,1.884,0.7953,0.7115,0.926,200111,13.522777,8.957763,17.982168,44.99233,36.132732,53.851925,http://geadata.esac.esa.int/data-server/datalink/links?ID=2014636431185097600,,50,343.614,60.8143
5.13E-04,1.63572E+18,Gaia DR2 2014636431185094656,2.01464E+18,887535851,2015.5,343.6103899,0.030467262,60.81814436,0.032078822,0.1044594,0.03678332,2.8398578,-2.804603702,0.063078149,-1.747646124,0.059994146,0.07443219,0.09868298,-0.35387242,-0.1078882,0.19246861,-0.1503483,-0.18422905,-0.14777634,0.18566734,0.11568404,305,0,302,3,17.96752,983.9042,0.31673161,17.78703163,31,FALSE,7.1681867,1.380744374,0.008558491,0.04638678,35,19,0.06838935,0,38,FALSE,332,22832.10604,95.95757897,237.93958,14.792001,36,7523.225852,118.8375796,63.30679,15.6603775,37,27951.02652,407.8074361,68.539764,13.6459255,1.5537004,0,2.014452,0.86837673,1.1460752,,,0,,,,NOT_AVAILABLE,109.146754,1.116858402,25.29484576,58.84360699,102001,3955.78,3554,4280.19,,,,,,,,,,,,,,http://geadata.esac.esa.int/data-server/datalink/links?ID=2014636431185094656,,56,343.6114,60.818
5.17E-04,1.63572E+18,Gaia DR2 2014636809142218752,2.01464E+18,808544337,2015.5,343.6219958,0.02359939,60.81892679,0.025580506,0.270226544,0.027865638,9.697483,-2.815636308,0.050359023,-1.661808819,0.049777149,0.052904785,0.09191042,-0.30953598,-0.18795177,0.11260662,-0.24757622,-0.09120896,-0.09469877,0.16459435,-0.03478904,262,0,262,0,6.0410542,418.8065,0.184440051,5.53530814,31,FALSE,13.898222,1.364242471,0.006405854,-0.0395938,30,17,0.05632398,0,37,FALSE,290,20928.15902,36.80202787,568.66864,14.8865385,32,5429.552593,33.87286573,160.2921,16.014479,31,24251.06539,146.6755965,165.3381,13.800093,1.4182144,1,2.214386,1.1279402,1.0864458,,,0,,,,NOT_AVAILABLE,109.152191,1.11510222,25.30334637,58.83996157,100002,4136.61,3540,4880.46,1.9527,1.7986,2.3725,0.9887,0.8916,1.1359,200111,8.113335,5.8286366,11.078526,17.364878,12.939154,21.790602,http://geadata.esac.esa.int/data-server/datalink/links?ID=2014636809142218752,,58,343.623,60.81876
5.24E-04,1.63572E+18,Gaia DR2 2014636809142218496,2.01464E+18,137794360,2015.5,343.6316799,0.044715395,60.8230836,0.048297179,-0.268396609,0.059437846,-4.5155845,-1.731503221,0.100853628,-2.693558162,0.089188232,-0.04684925,0.055544686,-0.11349105,-0.048531163,0.31954363,-0.16048057,0.016810263,-0.31625634,0.14303714,-0.12678488,279,0,278,1,21.253155,1129.892,0.473746215,27.91234074,31,FALSE,3.484055,1.395003225,0.012314674,-0.039109312,32,18,0.099143386,0,38,FALSE,307,14768.71876,9.901808612,1491.5173,15.265009,27,4375.819357,13.62216369,321.22794,16.24874,24,16370.0744,35.5636044,460.30414,14.226793,1.4047186,1,2.021946,0.9837303,1.0382156,,,0,,,,NOT_AVAILABLE,109.1582511,1.116793274,25.31543318,58.83928619,110002,3969.6875,3686,4191.7666,,,,,,,,,,,,,,http://geadata.esac.esa.int/data-server/datalink/links?ID=2014636809142218496,,62,343.6327,60.82292
3.93E-04,1.63572E+18,Gaia DR2 2014636671703465600,2.01464E+18,1288030894,2015.5,343.5670287,0.07063789,60.82471351,0.074241839,0.62150116,0.084817545,7.327507,-2.927210905,0.144560084,-1.55291821,0.137879956,0.021297246,0.15489195,-0.37139693,-0.02535451,0.20948616,-0.086513,-0.2208191,-0.18614082,0.16180909,0.019556016,296,296,293,3,60.596066,5558.8965,0.442278406,77.34460311,31,TRUE,4.409736,1.295674743,0.022172695,0.08237104,35,18,0.08088446,0,38,TRUE,318,1517398.659,1673.336739,906.8101,10.235617,35,91711.80504,548.1456918,167.31282,12.945325,38,2421329.898,6924.248828,349.68845,8.801785,1.6561513,1,4.1435394,2.7097082,1.4338312,-66.09750321,0.572088794,4,4000,3,0,NOT_AVAILABLE,109.1305773,1.131973558,25.27662274,58.86363737,100002,3285,3279.5,3344,1.189,1.0269,1.482,0.7673,0.6365,0.954,,,,,,,,http://geadata.esac.esa.int/data-server/datalink/links?ID=2014636671703465600,,63,343.5678,60.8246
1.85E-04,1.63572E+18,Gaia DR2 2014636740422721024,2.01464E+18,328433927,2015.5,343.5474295,0.019051998,60.82691759,0.020708579,1.854276312,0.022822447,81.24792,13.31297607,0.042195061,7.853905763,0.041654114,0.082628705,0.043014865,-0.3376168,-0.14183906,0.108833954,-0.15621163,-0.21000865,-0.08383747,0.15583172,0.16375685,288,288,278,10,4.532112,392.3342,0,0,31,TRUE,293.61493,1.500196217,0.005293147,0.029814672,33,18,0.03590208,0,37,FALSE,297,1625157.186,631.9093894,2571.82,10.161127,34,647945.8516,508.5116988,1274.2004,10.822541,34,1379215.377,1422.597482,969.505,9.41284,1.2473632,1,1.4097013,0.66141415,0.7482872,-19.9742345,0.361047107,3,5500,4.5,0,NOT_AVAILABLE,109.1229364,1.138119745,25.267297,58.87217485,100002,4564.8,4503.46,4764,0.745,0.4583,2.4002,0.329,0.199,1.308,200111,7.7294316,7.0965543,7.941425,23.370974,22.862103,23.879845,http://geadata.esac.esa.int/data-server/datalink/links?ID=2014636740422721024,,68,343.5478,60.82696
4.53E-05,1.63572E+18,Gaia DR2 2014636637339712000,2.01464E+18,784946391,2015.5,343.5430766,0.355465063,60.82715426,0.366499635,0.373212491,0.444446455,0.8397243,-2.399150586,0.886499653,-2.078309345,0.776173558,0.18214408,-0.023441752,-0.45818058,-0.21014401,0.23111555,-0.034348827,0.1635056,0.30225596,0.49193874,0.50086045,207,0,207,0,5.967597,346.2993,1.88124066,5.102024602,31,FALSE,0.090919055,1.314326517,0.0932409,0.08912088,24,13,0.9233468,0,27,FALSE,225,284.3159205,2.844070738,99.96795,19.553864,0,,,,,0,,,,,,0,,,,,,0,,,,NOT_AVAILABLE,109.1211294,1.139257507,25.26486491,58.87390043,,,,,,,,,,,,,,,,,,http://geadata.esac.esa.int/data-server/datalink/links?ID=2014636637339712000,,69,343.543,60.82718
4.26E-04,1.63572E+18,Gaia DR2 2014636190666935040,2.01464E+18,1613344188,2015.5,343.6882477,0.040173587,60.82788607,0.044004181,0.347469843,0.051309185,6.7720785,-3.610016557,0.083136966,-3.726785489,0.080264962,-0.03218988,0.15628418,-0.28459653,0.01291758,0.16759764,-0.04416106,-0.11287885,-0.23833136,0.16125584,-0.014983384,298,0,297,1,28.91506,1694.2024,0.482190809,52.01001237,31,FALSE,3.933612,1.252322509,0.011850057,0.07783263,34,19,0.082031585,0,37,FALSE,324,42923.0335,14.17446937,3028.1934,14.10664,32,4980.989051,28.63443803,173.951,16.108099,32,64078.3559,286.7277003,223.48157,12.745142,1.6089112,1,3.362957,2.0014591,1.3614979,,,0,,,,NOT_AVAILABLE,109.185181,1.109144337,25.3582574,58.82219257,100002,4238.63,3769.78,4547.9165,2.7237,2.6767,2.794,1.413,1.387,1.43,,,,,,,,http://geadata.esac.esa.int/data-server/datalink/links?ID=2014636190666935040,,70,343.6891,60.82779
4.39E-04,1.63572E+18,Gaia DR2 2014636087587715712,2.01464E+18,274594675,2015.5,343.663443,0.033091528,60.8283154,0.036322587,0.833072037,0.041413147,20.116125,-2.89713666,0.067930859,-0.141464882,0.067206354,-0.05552418,0.1747899,-0.25250706,-0.06920719,0.16298203,-0.104186244,0.028750682,-0.19115518,0.058168095,-0.04267167,286,0,286,0,14.107143,764.35077,0.34815826,17.91515302,31,FALSE,5.967801,1.313600187,0.00926387,0.100333095,33,18,0.069549404,0,38,FALSE,311,17520.3939,5.60554098,3125.549,15.079506,35,3242.139957,14.00655911,231.47298,16.574308,34,22892.60051,38.7359522,590.991,13.862682,1.4916754,1,2.711626,1.4948025,1.2168236,,,0,,,,NOT_AVAILABLE,109.1744731,1.114779027,25.34309409,58.83139914,100002,3982.49,3560,4810.8423,2.821,2.7325,2.8981,1.419,1.3724,1.4721,200111,2.723321,1.8662335,3.4080677,1.680781,1.4914352,1.8701268,http://geadata.esac.esa.int/data-server/datalink/links?ID=2014636087587715712,,72,343.6643,60.82818
3.94E-04,1.63572E+18,Gaia DR2 2014636706059215360,2.01464E+18,935216061,2015.5,343.5878965,0.07861396,60.82915081,0.085489856,0.713406246,0.098226371,7.262879,-3.201384805,0.191788997,-0.174895092,0.178191859,-0.026272746,0.19938347,-0.10245102,-0.05247732,0.17562933,-0.09855037,-0.014871036,0.028636772,0.17179619,-0.014355391,262,0,260,2,19.050793,970.9138,0.719553856,18.41838432,31,FALSE,1.1967154,1.416283448,0.023714532,0.0777169,30,16,0.17359388,0,36,FALSE,286,3201.964857,6.595291644,485.49252,16.924824,0,,,,,0,,,,,,0,,,,,,0,,,,NOT_AVAILABLE,109.1416687,1.131539459,25.29623136,58.859127,,,,,,,,,,,,,,,,,,http://geadata.esac.esa.int/data-server/datalink/links?ID=2014636706059215360,,73,343.5881,60.82877
5.48E-04,1.63572E+18,Gaia DR2 2014636706062987776,2.01464E+18,183703413,2015.5,343.5952711,0.017213019,60.83435128,0.018246627,0.27685551,0.021036288,13.160853,-2.82935544,0.035609901,-1.551636177,0.033731432,0.019212574,0.13759845,-0.34132686,-0.05522362,0.22770374,-0.110057436,-0.15241867,-0.17592072,0.1572961,0.043901287,304,0,304,0,9.554877,597.74524,0.178101276,8.882283752,31,FALSE,24.061163,1.361412778,0.004662471,0.050340347,35,19,0.04329994,0,37,FALSE,314,84039.61847,239.6403944,350.69055,13.377155,31,20998.66181,207.1740134,101.357605,14.545909,29,100860.3184,861.1053966,117.12889,12.252619,1.4500183,0,2.2932901,1.1687536,1.1245365,,,0,,,,NOT_AVAILABLE,109.1471689,1.13465746,25.30834251,58.85998505,100001,3718.7974,3437,4684.02,,,,,,,200111,22.514183,14.191351,26.357376,87.3408,69.5846,105.09699,http://geadata.esac.esa.int/data-server/datalink/links?ID=2014636706062987776,,79,343.5963,60.83413
5.30E-04,1.63572E+18,Gaia DR2 2014636877861684736,2.01464E+18,314771584,2015.5,343.6206879,0.016291808,60.83640412,0.017057393,0.347012712,0.019741912,17.577461,-2.836015074,0.033659474,-1.705956535,0.03177648,0.03291368,0.16374357,-0.34937626,-0.050389264,0.20078275,-0.107362986,-0.16977365,-0.17000024,0.17124493,0.05487709,303,0,302,1,1.6635787,338.68973,0.021989895,0.086049477,31,FALSE,28.738987,1.409988748,0.004604874,0.050226934,35,19,0.041864816,0,38,FALSE,329,22768.97885,8.202488489,2775.8623,14.795007,35,7054.872746,22.13636135,318.70065,15.7301655,31,24486.63594,63.50482014,385.58704,13.7895975,1.3852843,1,1.940568,0.9351587,1.0054092,,,0,,,,NOT_AVAILABLE,109.1592172,1.1311183,25.32743587,58.85223151,100002,3862,3782,4288.675,1.6705,1.3259,2.1694,0.7932,0.662,1.0921,200111,8.254722,6.6939235,8.607636,13.656791,11.536709,15.776873,http://geadata.esac.esa.int/data-server/datalink/links?ID=2014636877861684736,,82,343.6217,60.83621
5.37E-04,1.63572E+18,Gaia DR2 2014637084020112384,2.01464E+18,396991158,2015.5,343.611576,0.023944531,60.8364796,0.025897128,0.23243541,0.030281204,7.675897,-2.750075047,0.05177121,-1.544642131,0.047383532,0.05028824,0.1733239,-0.312906,-0.026837956,0.22255638,-0.069870576,-0.075793564,-0.27699128,0.11516183,0.1757443,260,0,258,2,3.2567725,332.7569,0.151621368,3.058905595,31,FALSE,13.745121,1.402577966,0.007261874,0.04799279,30,17,0.058590222,0,35,FALSE,284,16018.0664,5.133274454,3120.4382,15.176841,28,4671.120302,13.95530024,334.72015,16.177835,26,17468.1402,20.39119253,856.65125,14.156303,1.3821431,0,2.021532,1.0009947,1.0205374,,,0,,,,NOT_AVAILABLE,109.1552508,1.133117192,25.3217489,58.85555868,100001,3688,3622.6667,4071.4866,1.595,1.523,1.7203,0.7707,0.7409,0.8511,,,,,,,,http://geadata.esac.esa.int/data-server/datalink/links?ID=2014637084020112384,,83,343.6126,60.83628
4.23E-04,1.63572E+18,Gaia DR2 2014636946581171584,2.01464E+18,23305005,2015.5,343.6839717,0.020690869,60.84274827,0.022011295,0.813394891,0.025540072,31.847792,-4.162746538,0.042997379,-3.628269269,0.041800843,-0.049474858,0.14324452,-0.26861256,-0.010190989,0.14955214,-0.064736046,-0.10941455,-0.21769895,0.14096074,-0.083157085,279,0,278,1,0.90485764,293.99304,0,0,31,FALSE,16.960209,1.407066206,0.006019602,0.073594816,32,19,0.04982943,0,37,FALSE,305,13331.57241,4.773472693,2792.8457,15.376163,32,4159.756972,13.06637015,318.35596,16.303719,31,14158.38005,26.58471305,532.576,14.384386,1.3740418,1,1.9193325,0.92755604,0.99177647,,,0,,,,NOT_AVAILABLE,109.1897534,1.1234387,25.37671615,58.83376583,100002,3866.9175,3819,4142.4966,,,,,,,200111,2.6834185,2.338266,2.7511792,1.4505447,1.33535,1.5657394,http://geadata.esac.esa.int/data-server/datalink/links?ID=2014636946581171584,,85,343.6848,60.84262
5.54E-04,1.63572E+18,Gaia DR2 2014636774782456704,2.01464E+18,1201728614,2015.5,343.5870601,0.017753842,60.845825,0.017932928,0.251619183,0.021536971,11.683127,-2.826107073,0.035835531,-1.722967627,0.033773206,0.059723195,0.1832409,-0.30864313,-0.032202296,0.202926,-0.09290564,-0.14081806,-0.23136641,0.13984647,0.09778911,281,8,281,0,1.9988786,324.9332,0.06527302,0.774926252,31,FALSE,28.535315,1.412647172,0.004883504,0.03344764,32,19,0.04311354,0,34,FALSE,297,25293.3794,10.58676766,2389.1504,14.680848,29,7815.781616,22.37360076,349.33054,15.6189575,29,26773.85934,47.00275899,569.62317,13.692642,1.3675374,0,1.9263153,0.9381094,0.9882059,,,0,,,,NOT_AVAILABLE,109.1485605,1.146728791,25.3194973,58.87068026,100001,3880.2148,3787,4215.92,1.4583,1.2586,2.018,0.714,0.615,1.0411,200111,11.813454,10.006995,12.402174,28.50175,22.12244,34.88106,http://geadata.esac.esa.int/data-server/datalink/links?ID=2014636774782456704,,86,343.5881,60.8456
4.70E-04,1.63572E+18,Gaia DR2 2014636912221421952,2.01464E+18,530792952,2015.5,343.6483941,0.01668655,60.84764266,0.016902953,0.28016211,0.019898442,14.0796,-2.788860184,0.032537349,-1.453602253,0.03186638,-0.010431699,0.22027873,-0.2962274,-0.111209236,0.1695117,-0.15585059,-0.07799428,-0.17103103,0.08821568,-0.016001118,268,0,268,0,-0.4613459,251.91208,0,1.24E-15,31,FALSE,36.030323,1.418704592,0.004521518,0.09287952,31,18,0.040052664,0,36,FALSE,293,27780.94584,7.515804069,3696.3372,14.578999,31,9150.408444,14.93751447,612.57904,15.447787,34,28353.62507,37.12999226,763.63135,13.630399,1.3499912,0,1.8173885,0.8687887,0.9485998,,,0,,,,NOT_AVAILABLE,109.1762624,1.135373107,25.36108151,58.84985707,100001,3965,3894.205,4152.5,1.2413,1.143,1.349,0.6073,0.5589,0.6645,200111,10.348349,9.434918,10.728025,23.84567,19.235727,28.455614,http://geadata.esac.esa.int/data-server/datalink/links?ID=2014636912221421952,,87,343.6493,60.84748
1.19E-04,1.63572E+18,Gaia DR2 2014637461977458048,2.01464E+18,403935950,2015.5,343.7928599,0.041945701,60.84860438,0.042994007,0.525806349,0.050716121,10.367638,-4.955716728,0.08715171,-1.787101643,0.080655254,-0.015835056,0.12747642,-0.36108464,0.0735172,0.21480377,0.023431825,-0.13593042,-0.17093492,0.13655289,-0.057838608,289,0,288,1,18.378338,982.53577,0.440513393,27.94527119,31,FALSE,4.0945015,1.2745944,0.0105774,0.052397992,33,18,0.08705429,0,37,FALSE,323,16590.03821,7.373087361,2250.0803,15.138747,29,2393.826793,15.74148243,152.07124,16.903656,32,23477.25678,64.45099975,364.2652,13.835301,1.5594349,0,3.0683546,1.7649088,1.3034458,,,0,,,,NOT_AVAILABLE,109.2401103,1.105737078,25.45424625,58.79859944,100001,4490.343,3770.21,4896.355,2.843,2.7939,2.932,1.438,1.4074,1.4781,200111,2.8875387,2.4285161,4.09596,3.053995,2.4080498,3.69994,http://geadata.esac.esa.int/data-server/datalink/links?ID=2014637461977458048,,88,343.7931,60.84858
3.47E-04,1.63572E+18,Gaia DR2 2014648663251919744,2.01465E+18,989824237,2015.5,343.5061916,0.026628796,60.85323546,0.031541067,5.664721643,0.034638499,163.53831,-5.280709265,0.054109655,-20.52456436,0.056667696,-0.02283011,0.21348125,-0.2698888,-0.019776154,0.40144983,-0.08171126,-0.15734224,-0.12969923,0.03716458,-0.12040868,265,265,258,7,14.631613,744.1133,0,0.475543587,31,TRUE,145.45953,1.722228548,0.007943403,0.054766137,30,18,0.03962246,0,34,FALSE,283,7403768.924,1964.315986,3769.1333,8.514733,33,4883715.802,6256.989562,780.52167,8.629512,31,3694238.711,6316.849342,584.823,8.343107,1.1585929,0,0.2864046,0.11477852,0.17162609,,,0,,,,NOT_AVAILABLE,109.1163296,1.170565589,25.2786671,58.90476087,100001,7904.525,7591.3335,8249.7,0.4107,0.2179,0.6791,0.197,0.093,0.3421,200111,1.6324358,1.4986883,1.7699114,9.372815,9.285187,9.4604435,http://geadata.esac.esa.int/data-server/datalink/links?ID=2014648663251919744,,90,343.5055,60.85332
2.16E-04,1.63572E+18,Gaia DR2 2014636912221421696,2.01464E+18,39160951,2015.5,343.6620214,0.162091175,60.85336126,0.181303068,0.151081368,0.207990765,0.726385,-9.605825945,0.353422642,-5.671982204,0.341651791,0.03725528,0.14018486,-0.23785715,-0.014053469,0.13182288,-0.048341595,-0.087562874,-0.16452341,0.19183825,0.1283513,269,0,268,1,38.439167,2493.53,1.767276088,72.06855905,31,FALSE,0.2682336,1.278873214,0.04660095,0.14401194,31,18,0.32872832,0,35,FALSE,296,2050.150469,5.350957542,383.13712,17.408901,8,718.5041918,40.69524761,17.655727,18.210316,8,3056.044558,42.66285274,71.63245,16.04902,1.8411082,0,2.161295,0.8014145,1.3598804,,,0,,,,NOT_AVAILABLE,109.1847268,1.137641155,25.37789926,58.8488188,,,,,,,,,,,,,,,,,,http://geadata.esac.esa.int/data-server/datalink/links?ID=2014636912221421696,,91,343.6617,60.85351
4.84E-04,1.63572E+18,Gaia DR2 2014636912221421312,2.01464E+18,132082732,2015.5,343.6607659,0.014194988,60.8536746,0.015371983,2.448502327,0.01767538,138.52615,-4.589621754,0.030270914,7.151338917,0.029229038,0.011174168,0.18890157,-0.3106745,0.010515057,0.16049603,-0.051398933,-0.2164614,-0.12395872,0.23238005,0.07923494,288,8,285,3,-5.923403,161.45442,0,0,31,TRUE,49.25504,1.514506732,0.00405176,0.09255296,33,19,0.03847331,0,37,FALSE,314,37442.79382,7.76534191,4821.783,14.254945,36,16201.0969,28.82330951,562.0831,14.827527,34,30771.27115,29.63642795,1038.2921,13.541556,1.2545103,1,1.2859707,0.57258224,0.71338844,,,0,,,,NOT_AVAILABLE,109.1843119,1.138188961,25.3775484,58.84948152,100002,4838.75,4685.8574,5129.5234,0.3865,0.2533,0.6881,0.1947,0.1349,0.3471,200111,0.75713843,0.6737327,0.8073531,0.28312486,0.27742735,0.28882238,http://geadata.esac.esa.int/data-server/datalink/links?ID=2014636912221421312,,91,343.6617,60.85351
3.96E-04,1.63572E+18,Gaia DR2 2014636946581168512,2.01464E+18,442518257,2015.5,343.7016322,0.018703364,60.85416963,0.021574606,1.665599148,0.022738594,73.24988,-7.633313244,0.037447409,-4.696358613,0.039653421,-0.122594945,0.27490407,-0.397857,0.174512,0.052556,0.12013626,-0.41237763,-0.24566394,0.17196241,-0.117511556,288,262,285,3,1.2322387,309.47086,0,1.73E-15,31,TRUE,210.26225,1.598490743,0.005193857,0.11079176,33,18,0.034701012,0,36,FALSE,295,143750.1573,21.19490073,6782.2993,12.794345,32,73852.77239,61.50005849,1200.8569,13.180471,32,101133.5033,62.64016213,1614.5154,12.249682,1.2172945,0,0.930789,0.38612652,0.5446625,-24.97560678,3.450617274,8,6000,3.5,0,NOT_AVAILABLE,109.2024618,1.129997264,25.40421991,58.83513023,100001,5399,5340,5493.39,1.0903,0.7906,1.3594,0.509,0.353,0.6763,200111,1.6625698,1.6059265,1.6995112,2.1159616,2.063469,2.1684542,http://geadata.esac.esa.int/data-server/datalink/links?ID=2014636946581168512,,92,343.7024,60.85404
5.46E-04,1.63572E+18,Gaia DR2 2014648491453233920,2.01465E+18,994184992,2015.5,343.5586961,0.02354278,60.85448322,0.024156083,0.282766825,0.028919465,9.777734,-2.698961623,0.050021252,-1.561474529,0.04520359,0.042174805,0.14663887,-0.29116923,-0.07672534,0.2268541,-0.15074952,-0.13152184,-0.2512014,0.14737369,0.055366397,285,0,284,1,4.518979,399.09335,0.143540277,2.838270147,31,FALSE,13.3799,1.356401305,0.006829333,0.051600423,33,19,0.055561446,0,36,FALSE,311,14814.57108,6.195205202,2391.2964,15.261643,32,3666.598755,13.14259406,278.98593,16.44073,34,17439.7097,35.90182418,485.7611,14.1580715,1.4246993,0,2.2826576,1.1790857,1.1035719,,,0,,,,NOT_AVAILABLE,109.1398917,1.160539193,25.31383128,58.88671986,100001,3840,3466,4477.88,2.244,2.065,2.3602,1.112,1.016,1.1639,200111,8.326959,6.12356,10.220962,13.582898,10.181673,16.984123,http://geadata.esac.esa.int/data-server/datalink/links?ID=2014648491453233920,,93,343.5597,60.85424
5.52E-04,1.63572E+18,Gaia DR2 2014648491453233664,2.01465E+18,329395472,2015.5,343.5617759,0.026880615,60.85606558,0.026613178,0.263789594,0.032376216,8.147635,-2.844137914,0.052564428,-1.532492792,0.048638827,0.08718226,0.26671726,-0.38049254,-0.043526348,0.21708469,-0.12834892,-0.14207031,-0.25430542,0.1479379,0.06613994,278,0,276,2,6.0689816,437.35092,0.199965608,5.583875744,31,FALSE,11.4861555,1.363567454,0.007544789,0.065599635,32,19,0.057979733,0,37,FALSE,305,16993.78567,40.29431375,421.74155,15.11264,33,4430.559232,24.81675628,178.53096,16.23524,35,19725.58503,148.8731481,132.49928,14.024345,1.4214693,0,2.2108955,1.1226006,1.088295,,,0,,,,NOT_AVAILABLE,109.1419315,1.161310139,25.31804991,58.88667968,100001,4156.437,3707.5,5012.81,2.0743,1.9365,2.2377,1.0163,0.96,1.0945,200111,7.3753614,5.070645,9.269651,14.626692,10.348202,18.905182,http://geadata.esac.esa.int/data-server/datalink/links?ID=2014648491453233664,,94,343.5628,60.85583
5.46E-04,1.63572E+18,Gaia DR2 2014648491453232512,2.01465E+18,347810441,2015.5,343.5607924,0.042827209,60.85817964,0.04051685,0.568145104,0.050935784,11.154144,-4.403451656,0.084787152,-0.085038025,0.075627454,0.10134292,0.23597583,-0.30747965,-0.036251504,0.26861465,-0.12009998,-0.10177419,-0.18053477,0.20083553,0.12222617,269,0,268,1,15.975402,824.441,0.39917217,20.9418203,31,FALSE,4.7322507,1.293297352,0.011635268,0.08147666,31,19,0.08535332,0,36,FALSE,295,16266.52501,6.674960279,2436.947,15.160129,34,2444.261004,17.22823658,141.87529,16.88102,33,23109.9156,112.092336,206.16856,13.852424,1.5709672,1,3.028596,1.720891,1.3077049,,,0,,,,NOT_AVAILABLE,109.1424214,1.163421717,25.32044555,58.88845909,100002,4017.74,3428,4720.5,,,,,,,200111,3.7430646,2.7115335,5.1417313,3.289097,2.6428807,3.9353135,http://geadata.esac.esa.int/data-server/datalink/links?ID=2014648491453232512,,95,343.5618,60.85794
5.39E-04,1.63572E+18,Gaia DR2 2014648663251916800,2.01465E+18,1046324328,2015.5,343.5002716,0.020904817,60.86168431,0.023436767,0.242657539,0.025168074,9.641482,-2.742648458,0.041008489,-1.614011004,0.04087779,-0.004507221,0.15948494,-0.45034492,-0.024443105,0.2568787,-0.09227911,-0.30364093,-0.23549403,0.06731382,-0.00790207,283,283,277,6,13.543272,724.6574,0,0,31,TRUE,236.96571,1.338010576,0.006330134,0.083151914,32,18,0.03238204,0,36,FALSE,309,171099.281,65.49662402,2612.3374,12.605246,29,38894.11855,149.691993,259.82764,13.876678,29,207762.1705,501.8980365,413.95294,11.468004,1.4415975,1,2.4086742,1.2714329,1.1372414,,,0,,,,NOT_AVAILABLE,109.1174229,1.179425596,25.28698712,58.91258614,100002,3648.46,3375,4383.7803,1.3453,0.8525,1.8301,0.5808,0.396,0.8878,200111,39.036823,27.03934,45.619034,243.26631,200.22978,286.30286,http://geadata.esac.esa.int/data-server/datalink/links?ID=2014648663251916800,,96,343.5012,60.86139
4.83E-04,1.63572E+18,Gaia DR2 2014643646730108672,2.01464E+18,147553507,2015.5,343.44434,0.023784609,60.86985975,0.023412806,0.294493789,0.028243676,10.426893,-2.668030515,0.045881804,-1.488206158,0.042352021,0.06379979,0.23654503,-0.43038797,-0.07710294,0.21349362,-0.15600096,-0.13936819,-0.3004196,0.11370218,0.027375944,290,0,288,2,9.734827,582.4422,0.217611663,9.966270434,31,FALSE,14.502435,1.362322627,0.006631445,0.06064749,33,19,0.052756343,0,36,FALSE,316,37716.71847,11.71281566,3220.124,14.247031,35,9215.171557,34.66701198,265.8196,15.440129,34,44725.72946,115.9759587,385.64655,13.135527,1.4301589,0,2.3046026,1.1930981,1.1115046,,,0,,,,NOT_AVAILABLE,109.0964943,1.198674685,25.26313594,58.93821406,100001,3849.0273,3428,4681.385,1.926,1.8049,2.271,0.95,0.891,1.1246,200111,12.658856,8.557517,15.959336,31.687475,24.202332,39.17262,http://geadata.esac.esa.int/data-server/datalink/links?ID=2014643646730108672,,97,343.4451,60.86955
4.34E-04,1.63572E+18,Gaia DR2 2014648766331132672,2.01465E+18,919064500,2015.5,343.5265861,0.020875515,60.8704542,0.0216443,4.258813033,0.025060769,169.93944,15.87722463,0.040976676,35.82587272,0.036664927,0.016528683,0.14414279,-0.475848,-0.04596066,0.34328726,-0.13912569,-0.124775544,-0.23087838,0.20239909,-0.012175828,282,282,278,4,1.6336083,312.249,0,0,31,TRUE,402.06396,1.59315105,0.006003888,0.006906953,32,18,0.032567848,0,36,FALSE,292,407268.8091,64.14064776,6349.621,11.663663,33,209628.7874,197.8916897,1059.3107,12.047761,32,283308.3658,148.6810744,1905.4769,11.131271,1.2103484,0,0.9164896,0.38409805,0.53239155,-12.9095903,0.680315917,11,5500,4.5,0,NOT_AVAILABLE,109.13278,1.18172785,25.3162563,58.90903455,100001,5414,5348,5480,0.212,0.0789,0.339,0.1123,0.0523,0.174,200111,1.0874319,1.061396,1.1144377,0.9153178,0.90611523,0.9245203,http://geadata.esac.esa.int/data-server/datalink/links?ID=2014648766331132672,,98,343.5271,60.8701
5.11E-04,1.63572E+18,Gaia DR2 2014648835050608000,2.01465E+18,111070123,2015.5,343.5293522,0.014406638,60.87662084,0.014316924,1.938688761,0.017722121,109.393715,9.929154098,0.026904044,-6.200671588,0.023928335,0.14069949,0.35237056,-0.49669752,-0.021977372,0.3925398,-0.21811672,-0.120064326,-0.3593312,0.19549593,-0.014136242,267,0,266,1,-5.957345,146.7251,0,0,31,FALSE,127.88909,1.549769232,0.003905287,0.02421213,31,18,0.036649674,0,37,FALSE,289,100262.6138,21.36312194,4693.257,13.185518,34,47455.33812,36.78768687,1289.9789,13.660675,34,76245.56459,49.80242944,1530.9607,12.556383,1.2337689,0,1.1042919,0.47515678,0.62913513,,,0,,,,NOT_AVAILABLE,109.1366815,1.186690187,25.32683558,58.9121964,100001,4949.35,4876.4,5049.09,0.742,0.2877,1.0191,0.38,0.1807,0.4804,200111,1.4752164,1.4175092,1.5196846,1.1765188,1.1461238,1.2069138,http://geadata.esac.esa.int/data-server/datalink/links?ID=2014648835050608000,,99,343.5303,60.8764
4.74E-04,1.63572E+18,Gaia DR2 2014648938129833344,2.01465E+18,1291309822,2015.5,343.638183,0.023287591,60.88124121,0.02322805,0.295298273,0.028117951,10.502127,-2.798943043,0.045277913,-1.593239089,0.043877359,0.07427929,0.3379184,-0.39237118,0.022956261,0.17738469,-0.100572675,-0.26776537,-0.16834517,0.2638569,0.07195268,270,270,270,0,13.253768,700.9393,0,0,31,TRUE,218.97557,1.365337212,0.006563618,0.097988285,31,19,0.034384437,0,34,FALSE,296,157971.0995,47.94201894,3295.0447,12.691921,33,39693.26411,119.0624474,333.3819,13.854596,33,183845.1937,274.6957426,669.26843,11.600789,1.4150592,0,2.253807,1.1626749,1.0911322,,,0,,,,NOT_AVAILABLE,109.1863851,1.167794553,25.40255643,58.87619419,100001,3704.3333,3463.5,4504.33,1.585,1.1089,1.859,0.802,0.548,0.9855,200111,29.313951,19.825953,33.532356,145.77519,123.02093,168.52946,http://geadata.esac.esa.int/data-server/datalink/links?ID=2014648938129833344,,100,343.6391,60.88108
4.61E-04,1.63572E+18,Gaia DR2 2014649556605107200,2.01465E+18,937077026,2015.5,343.4976436,0.045735213,60.89180843,0.04689762,0.525930737,0.05577434,9.429618,0.2070509,0.090705601,-1.667592646,0.083129949,0.060337797,0.19607018,-0.42848313,-0.10215437,0.3047196,-0.21987708,-0.11466976,-0.33792403,0.16945462,0.002618627,289,0,289,0,24.735376,1373.5729,0.472228538,37.06292123,31,FALSE,3.7854052,1.218321815,0.012687752,0.056379505,33,18,0.0919564,0,37,FALSE,325,22399.03111,8.984061456,2493.1965,14.812793,35,2399.25788,17.47576533,137.29057,16.901196,37,34326.24359,158.3150469,216.82237,13.422854,1.6396022,0,3.478341,2.0884027,1.3899384,,,0,,,,NOT_AVAILABLE,109.1294227,1.207087229,25.32843714,58.93383025,100001,3657.14,3423,4101.505,2.851,2.7774,2.9211,1.4425,1.413,1.474,200111,6.4657187,5.1405964,7.3805065,6.737436,5.190748,8.284123,http://geadata.esac.esa.int/data-server/datalink/links?ID=2014649556605107200,,101,343.4985,60.89161
2.63E-04,1.63572E+18,Gaia DR2 2014649487885631104,2.01465E+18,773860583,2015.5,343.4989876,0.212240645,60.89149715,0.205836466,0.035642539,0.251726755,0.14159217,-1.824168491,0.444503905,-2.536241303,0.405749591,0.15812445,0.23902784,-0.31830516,-0.08175384,0.12586816,-0.12452492,-0.0627651,-0.14648765,0.22580321,0.27637008,254,0,254,0,4.692195,368.20825,1.047205813,3.152921708,31,FALSE,0.19953758,1.329772185,0.057474903,0.112644896,30,18,0.431794,0,34,FALSE,281,424.8736936,1.27942682,332.08127,19.117716,6,97.02691059,20.55006974,4.721488,20.384157,7,1016.855183,61.44546793,16.548904,17.243773,2.621678,0,3.1403847,1.2664413,1.8739433,,,0,,,,NOT_AVAILABLE,109.1298752,1.206521797,25.32884475,58.93313735,,,,,,,,,,,,,,,,,,http://geadata.esac.esa.int/data-server/datalink/links?ID=2014649487885631104,,101,343.4985,60.89161
4.56E-04,1.63572E+18,Gaia DR2 2014649006849306112,2.01465E+18,1282952185,2015.5,343.6478153,0.531862997,60.89531182,0.516091564,-0.320044209,0.643036023,-0.49770805,-8.600941716,1.058844099,-16.43717859,0.946598638,0.094014145,0.22552522,-0.40531993,-0.09460575,0.17043418,-0.18210986,-0.2131075,-0.36478722,0.15580541,0.053620107,288,0,288,0,276.76505,189896.78,5.812647397,7662.460129,31,FALSE,0.02940111,1.498848596,0.145520363,0.09362162,33,19,0.9906561,0,37,FALSE,309,41567.64312,20.59621385,2018.2177,14.141478,34,18139.37277,29.12200971,622.87506,14.704832,34,34266.81939,24.76219994,1383.8358,13.424735,1.2607448,0,1.280097,0.5633545,0.7167425,,,0,,,,NOT_AVAILABLE,109.1967218,1.178431329,25.42877453,58.88222102,110001,4967.5527,4802.79,5145,,,,,,,,,,,,,,http://geadata.esac.esa.int/data-server/datalink/links?ID=2014649006849306112,,102,343.6487,60.89516
2.54E-04,1.63572E+18,Gaia DR2 2014638767647285888,2.01464E+18,552933187,2015.5,343.7771756,0.016852462,60.90764805,0.016612148,0.300686039,0.019916085,15.097648,-2.684506374,0.033304968,-1.639687703,0.031442795,0.019566365,0.29944575,-0.3743545,0.057105094,0.079513125,-9.55E-06,-0.2132137,-0.25470322,0.1438113,-0.001852193,308,0,305,3,1.3553121,333.72162,0.024259176,0.104702593,31,FALSE,28.35057,1.38001353,0.004734664,0.08080283,35,19,0.04142501,0,39,FALSE,338,22502.61258,8.075568452,2786.5051,14.807783,36,6271.869282,16.07217433,390.23154,15.857896,38,24927.0223,33.07325325,753.6913,13.770244,1.3864564,0,2.0876522,1.0501127,1.0375395,,,0,,,,NOT_AVAILABLE,109.2587726,1.162272696,25.52843569,58.84408798,100001,3676.3333,3595.75,4454.3,1.79,1.7274,1.8616,0.8742,0.8359,0.9163,200111,11.140955,7.589153,11.645904,20.42674,16.745068,24.108414,http://geadata.esac.esa.int/data-server/datalink/links?ID=2014638767647285888,,103,343.7776,60.9075
3.02E-04,1.63572E+18,Gaia DR2 2014638802007017856,2.01464E+18,1589618646,2015.5,343.7433293,0.021896127,60.90927864,0.020973988,0.297571875,0.024609806,12.091598,-2.83386736,0.045967541,-1.767345569,0.041476006,0.071957916,0.17707716,-0.41870043,-0.017421167,0.054731596,-0.026860466,-0.2062696,-0.18020388,0.121466234,0.13487293,287,0,287,0,0.17963107,285.61465,0,0,31,FALSE,17.005907,1.410296244,0.005897571,0.08976323,33,19,0.05447425,0,37,FALSE,323,13480.72222,4.904573065,2748.6025,15.364083,32,4261.606884,12.57281144,338.95416,16.277454,33,14181.26605,19.07206617,743.56213,14.382632,1.3680923,0,1.8948221,0.9133711,0.98145103,,,0,,,,NOT_AVAILABLE,109.2446413,1.170866681,25.50930597,58.85733758,100001,3832,3757,3993.3333,1.5743,1.405,1.81,0.7845,0.689,0.926,200111,7.600178,6.9984784,7.906647,11.221326,8.850046,13.592606,http://geadata.esac.esa.int/data-server/datalink/links?ID=2014638802007017856,,104,343.7439,60.90916
3.20E-04,1.63572E+18,Gaia DR2 2014638802007017600,2.01464E+18,1333638365,2015.5,343.7441381,0.022658686,60.91021587,0.022478445,0.566638352,0.027360363,20.710192,1.226542062,0.049104434,-0.753539359,0.04461565,0.09857426,0.19465083,-0.29633954,-0.006630007,0.07136265,-0.04008991,-0.18977119,-0.28917095,0.10931565,0.14132668,286,0,286,0,4.8842764,412.55978,0.169079304,4.564679807,31,FALSE,14.721438,1.373391432,0.00614799,0.09493509,33,19,0.056224454,0,37,FALSE,322,20198.60897,6.875430717,2937.7954,14.925062,36,5449.446341,16.9040152,322.37585,16.010508,35,22937.22273,47.19058265,486.05508,13.860568,1.4053774,0,2.1499395,1.0854454,1.0644941,,,0,,,,NOT_AVAILABLE,109.2454018,1.171541127,25.51115682,58.8576793,100001,3591,3493.75,4139.7534,2.321,1.9235,2.6,1.1797,0.9476,1.3173,200111,6.0544147,4.555689,6.39616,5.491623,4.8331585,6.1500874,http://geadata.esac.esa.int/data-server/datalink/links?ID=2014638802007017600,,105,343.7447,60.91005
4.12E-04,1.63572E+18,Gaia DR2 2014649865842746496,2.01465E+18,452786754,2015.5,343.5093005,0.017317231,60.91585552,0.018659541,2.310324358,0.021071766,109.640755,14.08404237,0.035109212,1.572446488,0.034031164,0.02095479,0.15571989,-0.37380096,-0.040909678,0.18262452,-0.1003451,-0.2040741,-0.2333011,0.12347159,0.008041781,309,309,308,1,1.1954838,332.68234,0,0,31,TRUE,373.80307,1.569518135,0.005210562,0.067579634,35,19,0.02920118,0,39,FALSE,338,274307.7196,31.27007537,8772.212,12.092771,36,136490.3352,143.7882573,949.24536,12.513634,36,197844.4676,107.5889643,1838.8918,11.521111,1.2188312,0,0.9925232,0.42086315,0.57166004,-20.54379591,1.268191194,8,5500,3.5,0,NOT_AVAILABLE,109.1450207,1.226249918,25.37029104,58.94583412,100001,5325.3335,5106.8267,5383,1.346,0.9177,1.6648,0.672,0.434,0.8473,200111,1.7098653,1.673427,1.8593163,2.1183891,2.0831566,2.1536217,http://geadata.esac.esa.int/data-server/datalink/links?ID=2014649865842746496,,106,343.5101,60.91572
4.86E-04,1.63572E+18,Gaia DR2 2014649694044056576,2.01465E+18,1231247570,2015.5,343.5482309,0.018552691,60.92379125,0.01949471,2.656444912,0.022156765,119.89317,10.63832501,0.036735314,-1.094991868,0.035070076,0.024283396,0.22013347,-0.41947472,-0.029744957,0.20378238,-0.115706034,-0.24970895,-0.26198724,0.15389419,-0.007392993,298,298,294,4,0.77401286,307.3157,0,1.66E-15,31,TRUE,381.66562,1.600687183,0.005316575,0.045121245,34,19,0.030302156,0,38,TRUE,324,291604.1,52.12321034,5594.515,12.0263815,37,152339.0206,155.6163315,978.9398,12.394361,36,201466.1846,159.1577589,1265.827,11.501414,1.2133067,0,0.89294624,0.36797905,0.5249672,0.373448241,1.302979323,11,6750,4.5,0,NOT_AVAILABLE,109.1655136,1.225140508,25.4063576,58.93718712,100001,5661,5474.5,6176.3335,0.4672,0.3,0.696,0.245,0.1215,0.3471,200111,1.3333784,1.1201553,1.4257743,1.6450313,1.6204869,1.6695758,http://geadata.esac.esa.int/data-server/datalink/links?ID=2014649694044056576,,107,343.5492,60.92367
5.33E-04,1.63572E+18,Gaia DR2 2014649384806420736,2.01465E+18,947514713,2015.5,343.6569493,0.031436574,60.92845539,0.033127588,2.038523494,0.038444371,53.02528,11.55463836,0.062280386,3.735547366,0.062871814,0.028029619,0.26268455,-0.41942793,0.001673052,0.093877755,-0.07714652,-0.29151124,-0.3203848,0.17834024,-0.056522347,308,308,299,9,27.454828,1586.638,0.172321722,13.96013079,31,TRUE,27.992208,1.662506447,0.009488626,0.1323497,35,18,0.043375142,0,42,TRUE,317,642584.7271,253.7908033,2531.9465,11.16854,37,373100.3573,352.2764851,1059.1123,11.421824,37,388582.0511,230.0827285,1688.8798,10.788213,1.1853416,0,0.6336117,0.25328445,0.38032722,,,0,,,,NOT_AVAILABLE,109.2151224,1.206355853,25.48195975,58.90127743,100001,6532.815,6345,6783.6304,,,,,,,200111,1.9091668,1.7705991,2.023864,5.9811387,5.814246,6.148031,http://geadata.esac.esa.int/data-server/datalink/links?ID=2014649384806420736,,108,343.6574,60.92797
2.97E-04,1.63572E+18,Gaia DR2 2014650656116746368,2.01465E+18,948228722,2015.5,343.747474,0.01627695,60.93574129,0.016269208,1.287664286,0.019033484,67.65258,-13.8929298,0.032986195,-5.432958641,0.031741265,0.07388541,0.22697698,-0.41006202,-0.031842075,0.08338902,-0.07528287,-0.25716025,-0.27620214,0.11478887,0.06977343,315,0,314,1,0.15502723,312.1982,0,0,31,FALSE,29.480171,1.426777088,0.004439967,0.069525,36,19,0.042274345,0,40,FALSE,348,23395.37375,6.481368756,3609.6348,14.765541,35,8042.513048,17.45798681,460.67816,15.587909,34,22828.18491,20.00131716,1141.3341,13.865742,1.3195214,0,1.722167,0.82236767,0.89979935,,,0,,,,NOT_AVAILABLE,109.2579211,1.193846052,25.54973256,58.87369038,100001,3952.5,3902.8066,4244.5,,,,,,,200111,2.0880878,1.8106705,2.1416004,0.9586934,0.91957045,0.9978163,http://geadata.esac.esa.int/data-server/datalink/links?ID=2014650656116746368,,109,343.748,60.93559
3.65E-04,1.63572E+18,Gaia DR2 2014649968921958784,2.01465E+18,1007648519,2015.5,343.5208705,0.012390484,60.93645748,0.012791912,1.908247439,0.014880201,128.24069,-19.4021592,0.025125321,-4.042238905,0.023647699,0.05894749,0.18908145,-0.39335015,-0.04714329,0.1685394,-0.09805629,-0.1673351,-0.28868708,0.08845993,0.07526632,291,9,290,1,-7.508444,140.28015,0,0,31,TRUE,92.741394,1.544912933,0.003502801,0.06493806,33,19,0.034426812,0,37,FALSE,326,70923.98556,15.45063447,4590.361,13.561383,37,32887.01942,34.47643628,953.89844,14.058826,35,54788.58871,35.20092372,1556.4531,12.9151945,1.2361913,0,1.1436319,0.4974432,0.64618874,,,0,,,,NOT_AVAILABLE,109.1590705,1.242335408,25.40716776,58.95554422,100001,4973,4956,5010.0776,0.8632,0.567,1.0341,0.408,0.2756,0.5231,200111,1.2452258,1.2268631,1.2537831,0.8544069,0.83471644,0.87409735,http://geadata.esac.esa.int/data-server/datalink/links?ID=2014649968921958784,,110,343.5216,60.93637
3.86E-04,1.63572E+18,Gaia DR2 2014636396825356160,2.01464E+18,1687490354,2015.5,343.575328,0.043062943,60.805792,0.046724836,0.035695492,0.05490445,0.65013844,-2.536388959,0.086050768,-1.464762104,0.086712902,-0.022926763,0.2689577,-0.3804067,0.010180417,0.023023281,-0.083463915,-0.27320042,-0.27170298,0.29989198,0.003776237,269,0,269,0,9.793615,557.9411,0.356723466,10.58356418,31,FALSE,4.2306175,1.344501467,0.013181585,0.10291184,31,18,0.085987575,0,36,FALSE,290,7786.436318,5.603267361,1389.6243,15.960019,8,2288.92248,18.59759485,123.07626,16.95231,8,9383.327203,71.23214922,131.72882,14.831028,1.4990491,0,2.1212826,0.99229145,1.1289911,,,0,,,,NOT_AVAILABLE,109.1259797,1.11317802,25.25491661,58.84787755,102001,3711,3554,4100.4,,,,,,,,,,,,,,http://geadata.esac.esa.int/data-server/datalink/links?ID=2014636396825356160,,112,343.5748,60.80608
5.45E-04,1.63572E+18,Gaia DR2 2014636396825355904,2.01464E+18,182935126,2015.5,343.5754235,0.045062044,60.80653243,0.045724053,0.173968479,0.055149781,3.1544728,-2.59888471,0.102391999,-1.814136599,0.09170712,0.07376591,0.23246759,-0.18222976,-0.050687786,0.21289384,-0.1201965,-0.03065457,-0.051948745,0.23685364,0.15919569,271,0,268,3,7.310707,467.84427,0.320039295,6.282328279,31,FALSE,3.7917945,1.375003342,0.012932124,0.086725295,31,18,0.1014393,0,34,FALSE,286,5462.453328,6.305731271,866.268,16.344896,0,,,,,0,,,,,,0,,,,,,0,,,,NOT_AVAILABLE,109.1263441,1.113824287,25.25603311,58.84834318,,,,,,,,,,,,,,,,,,http://geadata.esac.esa.int/data-server/datalink/links?ID=2014636396825355904,,112,343.5748,60.80608
5.32E-04,1.63572E+18,Gaia DR2 2014636499902445184,2.01464E+18,962404866,2015.5,343.6000726,1.091670881,60.82462517,1.022113996,-1.281693948,1.064618954,-1.2038993,3.943160488,2.516737013,3.638314428,2.243404806,0.26303282,-0.17428136,-0.45965034,-0.31483608,0.12762348,-0.30411592,-0.5561822,0.005262536,0.24290404,0.37262774,108,0,105,3,0.55987805,107.42788,0,0,31,FALSE,0.026037183,1.566254019,0.253327161,0.1098038,13,10,2.5805926,0,14,FALSE,112,81.84378972,0.98154961,83.382225,20.905901,0,,,,,0,,,,,,0,,,,,,0,,,,NOT_AVAILABLE,109.1450437,1.124882021,25.29752203,58.85169314,,,,,,,,,,,,,,,,,,http://geadata.esac.esa.int/data-server/datalink/links?ID=2014636499902445184,,113,343.5998,60.82514
5.26E-04,1.63572E+18,Gaia DR2 2014636499904564608,2.01464E+18,282635657,2015.5,343.598775,0.021297947,60.82530356,0.02232832,0.301620953,0.026544515,11.362836,-2.875329071,0.050243357,-1.70324324,0.044814329,0.07974691,0.1953262,-0.15734187,0.039749052,0.22926143,0.004565739,-0.051946785,-0.047363188,0.22184832,0.2659388,280,0,279,1,3.0162315,350.0614,0.134334224,2.719445086,31,FALSE,16.05356,1.393252562,0.006017748,0.06818323,32,18,0.059301306,0,37,FALSE,289,17953.61946,6.447368337,2784.643,15.052986,29,5274.967805,15.27932091,345.23575,16.04584,26,19738.77438,48.22867106,409.2747,14.02362,1.3932424,0,2.0222197,0.99285316,1.0293665,,,0,,,,NOT_AVAILABLE,109.1447693,1.125768036,25.29766407,58.85261774,100001,3715,3604.6667,4120.927,1.843,1.5592,2.612,0.9315,0.75,1.2613,200111,9.583942,7.7888265,10.17962,15.762255,12.290086,19.234425,http://geadata.esac.esa.int/data-server/datalink/links?ID=2014636499904564608,,113,343.5998,60.82514
4.71E-04,1.63572E+18,Gaia DR2 2014636804844397824,2.01464E+18,1126235423,2015.5,343.63205,0.119050813,60.8274843,0.124941441,0.928444449,0.140403477,6.6126885,-2.634818661,0.241807693,-1.719247725,0.234028168,0.025504578,0.13745485,-0.36787075,-0.05119277,0.14402612,-0.10122295,-0.23469448,-0.19359827,0.17332259,0.037055388,308,308,294,14,91.691925,12840.349,0.781139204,234.4551502,31,TRUE,1.4664791,1.19730646,0.044095255,0.061800346,35,19,0.12845379,0,38,TRUE,321,1472024.311,20088.74109,73.276085,10.268579,36,9783.360198,699.8527408,13.97917,15.375168,37,2922781.188,90574.63418,32.269314,8.597429,1.9921985,1,6.7777386,5.1065893,1.6711493,,,0,,,,VARIABLE,109.1603267,1.120678118,25.32194211,58.84212455,100022,3281.25,3268,3306.75,,,,,,,,,,,,,,http://geadata.esac.esa.int/data-server/datalink/links?ID=2014636804844397824,http://geadata.esac.esa.int/data-server/data?RETRIEVAL_TYPE=epoch_photometry&ID=2014636804844397824,114,343.633,60.8274
3.87E-04,1.63572E+18,Gaia DR2 2014636671699482880,2.01464E+18,1438298076,2015.5,343.5800421,0.270326591,60.8239589,0.281839646,-0.113168588,0.335211104,-0.33760393,-2.675199007,0.605988944,-2.546767561,0.570551825,0.13719262,0.15593047,-0.22552541,-0.058330327,0.004202864,-0.08855215,-0.10858085,-0.10204025,0.26067784,0.28122002,270,0,269,1,3.5659456,353.89774,1.404795485,2.83473682,31,FALSE,0.103629895,1.3257227,0.080713953,0.14023627,31,18,0.5906801,0,36,FALSE,279,265.4760614,1.186080853,223.82628,19.628302,0,,,,,0,,,,,,2,,,,,,0,,,,NOT_AVAILABLE,109.1359606,1.128531872,25.28382671,58.85844734,,,,,,,,,,,,,,,,,,http://geadata.esac.esa.int/data-server/datalink/links?ID=2014636671699482880,,117,343.5798,60.82359
4.61E-04,1.63572E+18,Gaia DR2 2014636671699483008,2.01464E+18,1422889619,2015.5,343.5793666,0.524710086,60.82400013,0.890143106,-1.241926061,0.64931996,-1.9126565,-3.680054632,1.355171284,-1.270856833,1.972223128,-0.46473336,0.20765707,0.015061589,0.055313792,0.07534551,0.041365013,-0.36958733,0.10235184,0.02008853,-0.51283276,173,0,172,1,28.129366,1386.283,4.406166854,57.08467124,31,FALSE,0.042326994,1.310822356,0.154945607,0.15946388,20,10,1.9012119,0,24,FALSE,189,494.8479201,5.17513954,95.62021,18.952187,0,,,,,0,,,,,,2,,,,,,0,,,,NOT_AVAILABLE,109.135682,1.128712352,25.28345571,58.85871813,,,,,,,,,,,,,,,,,,http://geadata.esac.esa.int/data-server/datalink/links?ID=2014636671699483008,,117,343.5798,60.82359
